id,api_uri,name,party,state,district,total_votes,votes_with_party,party_votes_pct,rank,notes
P000258,https://api.propublica.org/congress/v1/members/P000258.json,Collin C. Peterson,D,MN,7,1325,843,64.4,1,
B000589,https://api.propublica.org/congress/v1/members/B000589.json,John A. Boehner,R,OH,8,580,11,68.75,2,"Announced resignation effective Oct. 31, 2015"
J000255,https://api.propublica.org/congress/v1/members/J000255.json,Walter B. Jones,R,NC,3,1325,892,70.07,3,
A000367,https://api.propublica.org/congress/v1/members/A000367.json,Justin Amash,R,MI,3,1325,995,75.09,4,
C001063,https://api.propublica.org/congress/v1/members/C001063.json,Henry Cuellar,D,TX,28,1325,968,75.8,5,
C001059,https://api.propublica.org/congress/v1/members/C001059.json,Jim Costa,D,CA,16,1317,965,76.04,6,
S001191,https://api.propublica.org/congress/v1/members/S001191.json,Kyrsten Sinema,D,AZ,9,1325,973,76.25,7,
G000564,https://api.propublica.org/congress/v1/members/G000564.json,Chris Gibson,R,NY,19,1325,1007,76.69,8,"Announced retirement on Jan. 6, 2015"
A000373,https://api.propublica.org/congress/v1/members/A000373.json,Brad Ashford,D,NE,2,1325,1019,77.73,9,Lost general election.
D000613,https://api.propublica.org/congress/v1/members/D000613.json,Robert Dold,R,IL,10,1325,1032,79.08,10,Lost general election.
M001184,https://api.propublica.org/congress/v1/members/M001184.json,Thomas Massie,R,KY,4,1325,1049,80.02,11,
C001107,https://api.propublica.org/congress/v1/members/C001107.json,Carlos Curbelo,R,FL,26,1325,1054,81.52,12,
S001180,https://api.propublica.org/congress/v1/members/S001180.json,Kurt Schrader,D,OR,5,1325,1058,82.98,13,
H001051,https://api.propublica.org/congress/v1/members/H001051.json,Richard Hanna,R,NY,22,1325,1003,83.24,14,"Announced retirement on Dec. 20, 2015"
R000435,https://api.propublica.org/congress/v1/members/R000435.json,Ileana Ros-Lehtinen,R,FL,27,1325,1092,83.61,15,
L000554,https://api.propublica.org/congress/v1/members/L000554.json,Frank A. LoBiondo,R,NJ,2,1325,1111,83.85,16,
F000451,https://api.propublica.org/congress/v1/members/F000451.json,Michael G. Fitzpatrick,R,PA,8,1325,1067,83.95,17,"Announced retirement on Nov. 10, 2014"
C001106,https://api.propublica.org/congress/v1/members/C001106.json,Ryan Costello,R,PA,6,1325,1111,84.87,18,
S000051,https://api.propublica.org/congress/v1/members/S000051.json,Mark Sanford,R,SC,1,1325,1095,85.15,19,
K000386,https://api.propublica.org/congress/v1/members/K000386.json,John Katko,R,NY,24,1325,1114,85.3,20,
C000754,https://api.propublica.org/congress/v1/members/C000754.json,Jim Cooper,D,TN,5,1325,1123,86.12,21,
G000575,https://api.propublica.org/congress/v1/members/G000575.json,Gwen Graham,D,FL,2,1325,1142,86.32,22,"Announced retirement on April 21, 2016."
R000578,https://api.propublica.org/congress/v1/members/R000578.json,Dave Reichert,R,WA,8,1325,1106,86.81,23,
L000563,https://api.propublica.org/congress/v1/members/L000563.json,Daniel Lipinski,D,IL,3,1325,1107,87.23,24,
M001181,https://api.propublica.org/congress/v1/members/M001181.json,Pat Meehan,R,PA,7,1325,1151,87.4,25,
G000410,https://api.propublica.org/congress/v1/members/G000410.json,Gene Green,D,TX,29,1325,1111,87.62,26,
J000296,https://api.propublica.org/congress/v1/members/J000296.json,David W. Jolly,R,FL,13,1325,1095,87.74,27,Lost general election.
B000490,https://api.propublica.org/congress/v1/members/B000490.json,Sanford D. Bishop Jr.,D,GA,2,1325,1138,87.74,28,
D000533,https://api.propublica.org/congress/v1/members/D000533.json,John J. Duncan Jr.,R,TN,2,1325,1147,87.76,29,
P000608,https://api.propublica.org/congress/v1/members/P000608.json,Scott Peters,D,CA,52,1325,1149,88.11,30,
S001179,https://api.propublica.org/congress/v1/members/S001179.json,Aaron Schock,R,IL,18,144,112,88.19,31,"Announced resignation effective March 31, 2015"
M001193,https://api.propublica.org/congress/v1/members/M001193.json,Tom MacArthur,R,NJ,3,1325,1152,88.28,32,
M001182,https://api.propublica.org/congress/v1/members/M001182.json,Mick Mulvaney,R,SC,5,1325,1122,88.28,33,
S001196,https://api.propublica.org/congress/v1/members/S001196.json,Elise Stefanik,R,NY,21,1325,1168,88.28,34,
D000604,https://api.propublica.org/congress/v1/members/D000604.json,Charlie Dent,R,PA,15,1325,1170,88.44,35,
K000368,https://api.propublica.org/congress/v1/members/K000368.json,Ann Kirkpatrick,D,AZ,1,1325,1049,88.45,36,Running for Senate
S000522,https://api.propublica.org/congress/v1/members/S000522.json,Christopher H. Smith,R,NJ,4,1325,1158,88.67,37,
V000132,https://api.propublica.org/congress/v1/members/V000132.json,Filemon Vela,D,TX,34,1325,1143,88.67,38,
B001274,https://api.propublica.org/congress/v1/members/B001274.json,Mo Brooks,R,AL,5,1325,1173,89.34,39,
D000625,https://api.propublica.org/congress/v1/members/D000625.json,Daniel M. Donovan,R,NY,11,1109,966,89.36,40,
L000573,https://api.propublica.org/congress/v1/members/L000573.json,Raúl Labrador,R,ID,1,1325,1150,89.49,41,
G000568,https://api.propublica.org/congress/v1/members/G000568.json,Morgan Griffith,R,VA,9,1325,1175,89.56,42,
G000552,https://api.propublica.org/congress/v1/members/G000552.json,Louie Gohmert,R,TX,1,1325,1135,89.72,43,
H001056,https://api.propublica.org/congress/v1/members/H001056.json,Jaime Herrera Beutler,R,WA,3,1325,923,89.96,44,
D000619,https://api.propublica.org/congress/v1/members/D000619.json,Rodney Davis,R,IL,13,1325,1170,90,45,
H001057,https://api.propublica.org/congress/v1/members/H001057.json,Tim Huelskamp,R,KS,1,1325,1168,90.05,46,"Lost primary election on Aug. 2, 2016."
D000612,https://api.propublica.org/congress/v1/members/D000612.json,Jeffrey Denham,R,CA,10,1325,1181,90.15,47,
M001185,https://api.propublica.org/congress/v1/members/M001185.json,Sean Patrick Maloney,D,NY,18,1320,1164,90.23,48,
K000378,https://api.propublica.org/congress/v1/members/K000378.json,Adam Kinzinger,R,IL,16,1325,1188,90.27,49,
B001297,https://api.propublica.org/congress/v1/members/B001297.json,Ken Buck,R,CO,4,1325,1138,90.32,50,
P000611,https://api.propublica.org/congress/v1/members/P000611.json,Bruce Poliquin,R,ME,2,1325,1193,90.45,51,
A000371,https://api.propublica.org/congress/v1/members/A000371.json,Pete Aguilar,D,CA,31,1325,1156,90.45,52,
R000409,https://api.propublica.org/congress/v1/members/R000409.json,Dana Rohrabacher,R,CA,48,1325,1123,90.49,53,
H001055,https://api.propublica.org/congress/v1/members/H001055.json,Joe Heck,R,NV,3,1325,1143,90.57,54,Running for Senate
K000210,https://api.propublica.org/congress/v1/members/K000210.json,Peter T. King,R,NY,2,1325,1185,90.6,55,
L000567,https://api.propublica.org/congress/v1/members/L000567.json,Leonard Lance,R,NJ,7,1325,1202,90.72,56,
J000295,https://api.propublica.org/congress/v1/members/J000295.json,Dave Joyce,R,OH,14,1325,1165,90.73,57,
G000565,https://api.propublica.org/congress/v1/members/G000565.json,Paul Gosar,R,AZ,4,1325,1155,90.87,58,
B001248,https://api.propublica.org/congress/v1/members/B001248.json,Michael C. Burgess,R,TX,26,1325,1198,90.9,59,
T000463,https://api.propublica.org/congress/v1/members/T000463.json,Michael R. Turner,R,OH,10,1325,1144,90.94,60,
S000244,https://api.propublica.org/congress/v1/members/S000244.json,F. James Sensenbrenner,R,WI,5,1325,1205,90.94,61,
R000585,https://api.propublica.org/congress/v1/members/R000585.json,Tom Reed,R,NY,23,1325,1187,90.96,62,
Y000065,https://api.propublica.org/congress/v1/members/Y000065.json,Ted Yoho,R,FL,3,1325,1188,90.96,63,
D000600,https://api.propublica.org/congress/v1/members/D000600.json,Mario Diaz-Balart,R,FL,25,1325,1178,90.97,64,
B001287,https://api.propublica.org/congress/v1/members/B001287.json,Ami Bera,D,CA,7,1325,1189,90.97,65,
M001191,https://api.propublica.org/congress/v1/members/M001191.json,Patrick Murphy,D,FL,18,1325,1164,91.01,66,Running for Senate
C001102,https://api.propublica.org/congress/v1/members/C001102.json,Curt Clawson,R,FL,19,1325,1103,91.08,67,"Announced retirement on May 19, 2016."
Y000033,https://api.propublica.org/congress/v1/members/Y000033.json,Don Young,R,AK,1,1311,1124,91.09,68,
S001185,https://api.propublica.org/congress/v1/members/S001185.json,Terri Sewell,D,AL,7,1325,1128,91.11,69,
P000605,https://api.propublica.org/congress/v1/members/P000605.json,Scott Perry,R,PA,4,1325,1198,91.17,70,
J000289,https://api.propublica.org/congress/v1/members/J000289.json,Jim Jordan,R,OH,4,1325,1191,91.19,71,
D000191,https://api.propublica.org/congress/v1/members/D000191.json,Peter A. DeFazio,D,OR,4,1325,1111,91.22,72,
K000188,https://api.propublica.org/congress/v1/members/K000188.json,Ron Kind,D,WI,3,1325,1144,91.3,73,
R000576,https://api.propublica.org/congress/v1/members/R000576.json,C.A. Dutch Ruppersberger,D,MD,2,1325,1157,91.39,74,
D000620,https://api.propublica.org/congress/v1/members/D000620.json,John Delaney,D,MD,6,1325,1146,91.46,75,
M001180,https://api.propublica.org/congress/v1/members/M001180.json,David McKinley,R,WV,1,1325,1203,91.48,76,
R000589,https://api.propublica.org/congress/v1/members/R000589.json,Scott Rigell,R,VA,2,1325,1204,91.56,77,"Announced retirement on Jan. 14, 2016"
V000129,https://api.propublica.org/congress/v1/members/V000129.json,David Valadao,R,CA,21,1325,1206,91.57,78,
W000799,https://api.propublica.org/congress/v1/members/W000799.json,Tim Walz,D,MN,1,1325,1201,91.61,79,
P000598,https://api.propublica.org/congress/v1/members/P000598.json,Jared Polis,D,CO,2,1325,1196,91.65,80,
F000449,https://api.propublica.org/congress/v1/members/F000449.json,Jeff Fortenberry,R,NE,1,1325,1197,91.65,81,
G000548,https://api.propublica.org/congress/v1/members/G000548.json,Scott Garrett,R,NJ,5,1325,1188,91.67,82,Lost general election.
M001197,https://api.propublica.org/congress/v1/members/M001197.json,Martha McSally,R,AZ,2,1325,1217,91.85,83,
B001295,https://api.propublica.org/congress/v1/members/B001295.json,Mike Bost,R,IL,12,1325,1162,91.86,84,
M001177,https://api.propublica.org/congress/v1/members/M001177.json,Tom McClintock,R,CA,4,1325,1212,91.89,85,
L000571,https://api.propublica.org/congress/v1/members/L000571.json,Cynthia M. Lummis,R,WY,1,1325,1190,91.89,86,"Announced retirement on Nov. 12, 2015"
Z000017,https://api.propublica.org/congress/v1/members/Z000017.json,Lee Zeldin,R,NY,1,1325,1213,91.89,87,
B001294,https://api.propublica.org/congress/v1/members/B001294.json,Rod Blum,R,IA,1,1325,1203,91.97,88,
B001260,https://api.propublica.org/congress/v1/members/B001260.json,Vern Buchanan,R,FL,16,1325,1146,91.97,89,
T000467,https://api.propublica.org/congress/v1/members/T000467.json,Glenn Thompson,R,PA,5,1325,1216,91.98,90,
U000031,https://api.propublica.org/congress/v1/members/U000031.json,Fred Upton,R,MI,6,1325,1219,92,91,
B001271,https://api.propublica.org/congress/v1/members/B001271.json,Dan Benishek,R,MI,1,1325,1217,92.13,92,"Announced retirement on Sept. 17, 2015"
R000587,https://api.propublica.org/congress/v1/members/R000587.json,Reid Ribble,R,WI,8,1325,1184,92.28,93,"Announced retirement on Jan. 31, 2016"
B001285,https://api.propublica.org/congress/v1/members/B001285.json,Julia Brownley,D,CA,26,1325,1213,92.31,94,
B001290,https://api.propublica.org/congress/v1/members/B001290.json,David A. Brat,R,VA,7,1325,1181,92.34,95,
J000297,https://api.propublica.org/congress/v1/members/J000297.json,Evan Jenkins,R,WV,3,1325,1208,92.43,96,
P000592,https://api.propublica.org/congress/v1/members/P000592.json,Ted Poe,R,TX,2,1325,1025,92.43,97,
B001286,https://api.propublica.org/congress/v1/members/B001286.json,Cheri Bustos,D,IL,17,1325,1213,92.45,98,
W000413,https://api.propublica.org/congress/v1/members/W000413.json,Edward Whitfield,R,KY,1,1181,1000,92.51,99,"Announced resignation effective Sept. 6, 2016."
R000599,https://api.propublica.org/congress/v1/members/R000599.json,Raul Ruiz,D,CA,36,1325,1175,92.52,100,
P000599,https://api.propublica.org/congress/v1/members/P000599.json,Bill Posey,R,FL,8,1325,1220,92.56,101,
R000597,https://api.propublica.org/congress/v1/members/R000597.json,Tom Rice,R,SC,7,1325,1220,92.56,102,
R000586,https://api.propublica.org/congress/v1/members/R000586.json,Jim Renacci,R,OH,16,1325,1213,92.6,103,
R000602,https://api.propublica.org/congress/v1/members/R000602.json,Kathleen Rice,D,NY,4,1325,1170,92.64,104,
S001187,https://api.propublica.org/congress/v1/members/S001187.json,Steve Stivers,R,OH,15,1325,1168,92.7,105,
C001077,https://api.propublica.org/congress/v1/members/C001077.json,Mike Coffman,R,CO,6,1325,1220,92.71,106,
S001157,https://api.propublica.org/congress/v1/members/S001157.json,David Scott,D,GA,13,1325,1161,92.73,107,
N000185,https://api.propublica.org/congress/v1/members/N000185.json,Richard Nugent,R,FL,11,1325,1062,92.75,108,"Announced retirement on Nov. 2, 2015"
P000594,https://api.propublica.org/congress/v1/members/P000594.json,Erik Paulsen,R,MN,3,1325,1217,92.76,109,
N000127,https://api.propublica.org/congress/v1/members/N000127.json,Rick Nolan,D,MN,8,1317,1166,92.76,110,
S001148,https://api.propublica.org/congress/v1/members/S001148.json,Mike Simpson,R,ID,2,1325,1196,92.86,111,
W000814,https://api.propublica.org/congress/v1/members/W000814.json,Randy Weber,R,TX,14,1325,1223,92.86,112,
H001052,https://api.propublica.org/congress/v1/members/H001052.json,Andy Harris,R,MD,1,1325,1216,92.9,113,
F000372,https://api.propublica.org/congress/v1/members/F000372.json,Rodney Frelinghuysen,R,NJ,11,1325,1218,92.91,114,
S001183,https://api.propublica.org/congress/v1/members/S001183.json,David Schweikert,R,AZ,6,1325,1222,93,115,
F000456,https://api.propublica.org/congress/v1/members/F000456.json,John Fleming,R,LA,4,1325,1216,93.04,116,Running for Senate
W000796,https://api.propublica.org/congress/v1/members/W000796.json,Lynn Westmoreland,R,GA,3,1325,1017,93.05,117,"Announced retirement on Jan. 7, 2016"
B001269,https://api.propublica.org/congress/v1/members/B001269.json,Lou Barletta,R,PA,11,1325,1154,93.06,118,
D000615,https://api.propublica.org/congress/v1/members/D000615.json,Jeffrey Duncan,R,SC,3,1325,1190,93.11,119,
V000131,https://api.propublica.org/congress/v1/members/V000131.json,Marc Veasey,D,TX,33,1325,1214,93.24,120,
C001105,https://api.propublica.org/congress/v1/members/C001105.json,Barbara Comstock,R,VA,10,1325,1218,93.33,121,
H001071,https://api.propublica.org/congress/v1/members/H001071.json,Jody Hice,R,GA,10,1325,1220,93.34,122,
E000294,https://api.propublica.org/congress/v1/members/E000294.json,Tom Emmer,R,MN,6,1325,1222,93.35,123,
G000576,https://api.propublica.org/congress/v1/members/G000576.json,Glenn Grothman,R,WI,6,1325,1225,93.37,124,
D000616,https://api.propublica.org/congress/v1/members/D000616.json,Scott DesJarlais,R,TN,4,1325,1173,93.39,125,
M001195,https://api.propublica.org/congress/v1/members/M001195.json,Alex Mooney,R,WV,2,1325,1217,93.4,126,
D000626,https://api.propublica.org/congress/v1/members/D000626.json,Warren Davidson,R,OH,8,338,314,93.45,127,
T000462,https://api.propublica.org/congress/v1/members/T000462.json,Pat Tiberi,R,OH,12,1325,1174,93.47,128,
S000018,https://api.propublica.org/congress/v1/members/S000018.json,Matt Salmon,R,AZ,5,1325,1204,93.48,129,"Announced retirement on Feb. 25, 2016."
W000810,https://api.propublica.org/congress/v1/members/W000810.json,Rob Woodall,R,GA,7,1325,1222,93.5,130,
R000575,https://api.propublica.org/congress/v1/members/R000575.json,Mike D. Rogers,R,AL,3,1325,1208,93.57,131,
C000059,https://api.propublica.org/congress/v1/members/C000059.json,Ken Calvert,R,CA,42,1325,1224,93.58,132,
F000460,https://api.propublica.org/congress/v1/members/F000460.json,Blake Farenthold,R,TX,27,1325,1227,93.59,133,
G000571,https://api.propublica.org/congress/v1/members/G000571.json,Tulsi Gabbard,D,HI,2,1325,1230,93.61,134,
C001053,https://api.propublica.org/congress/v1/members/C001053.json,Tom Cole,R,OK,4,1325,1222,93.64,135,
F000450,https://api.propublica.org/congress/v1/members/F000450.json,Virginia Foxx,R,NC,5,1325,1212,93.66,136,
L000562,https://api.propublica.org/congress/v1/members/L000562.json,Stephen F. Lynch,D,MA,8,1325,1217,93.69,137,
W000791,https://api.propublica.org/congress/v1/members/W000791.json,Greg Walden,R,OR,2,1325,1234,93.7,138,
R000583,https://api.propublica.org/congress/v1/members/R000583.json,Tom Rooney,R,FL,17,1325,1176,93.71,139,
S001165,https://api.propublica.org/congress/v1/members/S001165.json,Albio Sires,D,NJ,8,1325,1163,93.71,140,
D000622,https://api.propublica.org/congress/v1/members/D000622.json,Tammy Duckworth,D,IL,8,1325,1090,93.72,141,Elected to Senate.
N000188,https://api.propublica.org/congress/v1/members/N000188.json,Donald W. Norcross,D,NJ,1,1325,1216,93.75,142,
B001275,https://api.propublica.org/congress/v1/members/B001275.json,Larry Bucshon,R,IN,8,1325,1233,93.76,143,
Z000018,https://api.propublica.org/congress/v1/members/Z000018.json,Ryan Zinke,R,MT,1,1325,1209,93.79,144,
R000601,https://api.propublica.org/congress/v1/members/R000601.json,John Ratcliffe,R,TX,4,1325,1236,93.85,145,
P000588,https://api.propublica.org/congress/v1/members/P000588.json,Steve Pearce,R,NM,2,1325,1176,93.85,146,
E000291,https://api.propublica.org/congress/v1/members/E000291.json,Renee Ellmers,R,NC,2,1325,1120,93.88,147,Lost primary election.
R000592,https://api.propublica.org/congress/v1/members/R000592.json,Todd Rokita,R,IN,4,1325,1214,93.89,148,
N000189,https://api.propublica.org/congress/v1/members/N000189.json,Dan Newhouse,R,WA,4,1325,1236,93.92,149,
P000609,https://api.propublica.org/congress/v1/members/P000609.json,Gary Palmer,R,AL,6,1325,1240,93.94,150,
B000574,https://api.propublica.org/congress/v1/members/B000574.json,Earl Blumenauer,D,OR,3,1325,1194,93.94,151,
G000556,https://api.propublica.org/congress/v1/members/G000556.json,Alan Grayson,D,FL,9,1325,1194,93.94,152,Running for Senate
Y000063,https://api.propublica.org/congress/v1/members/Y000063.json,Kevin Yoder,R,KS,3,1325,1228,93.96,153,
P000593,https://api.propublica.org/congress/v1/members/P000593.json,Ed Perlmutter,D,CO,7,1325,1182,93.96,154,
J000126,https://api.propublica.org/congress/v1/members/J000126.json,Eddie Bernice Johnson,D,TX,30,1325,1152,93.96,155,
D000621,https://api.propublica.org/congress/v1/members/D000621.json,Ron DeSantis,R,FL,6,1325,1215,93.97,156,Running for Senate
C001037,https://api.propublica.org/congress/v1/members/C001037.json,Michael E. Capuano,D,MA,7,1325,1210,94.02,157,
G000553,https://api.propublica.org/congress/v1/members/G000553.json,Al Green,D,TX,9,1325,1195,94.02,158,
S000030,https://api.propublica.org/congress/v1/members/S000030.json,Loretta Sánchez,D,CA,46,1325,881,94.02,159,Running for Senate
G000559,https://api.propublica.org/congress/v1/members/G000559.json,John Garamendi,D,CA,3,1325,1196,94.03,160,
H001047,https://api.propublica.org/congress/v1/members/H001047.json,Jim Himes,D,CT,4,1325,1234,94.05,161,
C001045,https://api.propublica.org/congress/v1/members/C001045.json,Ander Crenshaw,R,FL,4,1325,1222,94.07,162,"Announced retirement on April 13, 2016"
S001188,https://api.propublica.org/congress/v1/members/S001188.json,Marlin Stutzman,R,IN,3,1325,1161,94.08,163,Running for Senate
G000570,https://api.propublica.org/congress/v1/members/G000570.json,Frank Guinta,R,NH,1,1325,1225,94.09,164,Lost general election.
R000395,https://api.propublica.org/congress/v1/members/R000395.json,Harold Rogers,R,KY,5,1325,1233,94.12,165,
S001154,https://api.propublica.org/congress/v1/members/S001154.json,Bill Shuster,R,PA,9,1325,1235,94.13,166,
M001151,https://api.propublica.org/congress/v1/members/M001151.json,Tim Murphy,R,PA,18,1325,1236,94.14,167,
R000580,https://api.propublica.org/congress/v1/members/R000580.json,Peter Roskam,R,IL,6,1325,1173,94.14,168,
K000376,https://api.propublica.org/congress/v1/members/K000376.json,Mike Kelly,R,PA,3,1325,1243,94.17,169,
C001076,https://api.propublica.org/congress/v1/members/C001076.json,Jason Chaffetz,R,UT,3,1325,1199,94.19,170,
P000591,https://api.propublica.org/congress/v1/members/P000591.json,Tom Price,R,GA,6,1325,1201,94.2,171,
A000369,https://api.propublica.org/congress/v1/members/A000369.json,Mark Amodei,R,NV,2,1325,1170,94.2,172,
K000382,https://api.propublica.org/congress/v1/members/K000382.json,Ann McLane Kuster,D,NH,2,1325,1238,94.22,173,
B001296,https://api.propublica.org/congress/v1/members/B001296.json,Brendan Boyle,D,PA,13,1325,1194,94.24,174,
K000381,https://api.propublica.org/congress/v1/members/K000381.json,Derek Kilmer,D,WA,6,1325,1246,94.25,175,
D000614,https://api.propublica.org/congress/v1/members/D000614.json,Sean Duffy,R,WI,7,1325,1183,94.26,176,
T000470,https://api.propublica.org/congress/v1/members/T000470.json,Scott Tipton,R,CO,3,1325,1236,94.28,177,
S000364,https://api.propublica.org/congress/v1/members/S000364.json,John Shimkus,R,IL,15,1325,1239,94.29,178,
G000560,https://api.propublica.org/congress/v1/members/G000560.json,Tom Graves,R,GA,14,1325,1223,94.29,179,
C001093,https://api.propublica.org/congress/v1/members/C001093.json,Doug Collins,R,GA,9,1325,1226,94.31,180,
M000404,https://api.propublica.org/congress/v1/members/M000404.json,Jim McDermott,D,WA,7,1325,1199,94.34,181,"Announced retirement on Jan. 4, 2016"
Y000066,https://api.propublica.org/congress/v1/members/Y000066.json,David Young,R,IA,3,1325,1250,94.34,182,
A000055,https://api.propublica.org/congress/v1/members/A000055.json,Robert B. Aderholt,R,AL,4,1325,1230,94.4,183,
M000312,https://api.propublica.org/congress/v1/members/M000312.json,Jim McGovern,D,MA,2,1325,1231,94.4,184,
C001083,https://api.propublica.org/congress/v1/members/C001083.json,John Carney,D,DE,1,1325,1217,94.41,185,Running for governor
P000601,https://api.propublica.org/congress/v1/members/P000601.json,Steven Palazzo,R,MS,4,1325,1188,94.44,186,
K000375,https://api.propublica.org/congress/v1/members/K000375.json,Bill Keating,D,MA,9,1325,1222,94.44,187,
M001196,https://api.propublica.org/congress/v1/members/M001196.json,Seth Moulton,D,MA,6,1325,1240,94.44,188,
C001078,https://api.propublica.org/congress/v1/members/C001078.json,Gerald E. Connolly,D,VA,11,1325,1241,94.44,189,
B001283,https://api.propublica.org/congress/v1/members/B001283.json,Jim Bridenstine,R,OK,1,1325,1226,94.45,190,
C001068,https://api.propublica.org/congress/v1/members/C001068.json,Steve Cohen,D,TN,9,1325,1211,94.46,191,
L000580,https://api.propublica.org/congress/v1/members/L000580.json,Michelle Lujan Grisham,D,NM,1,1325,1194,94.46,192,
H000324,https://api.propublica.org/congress/v1/members/H000324.json,Alcee L. Hastings,D,FL,20,1325,1058,94.46,193,
G000546,https://api.propublica.org/congress/v1/members/G000546.json,Sam Graves,R,MO,6,1325,1163,94.48,194,
V000108,https://api.propublica.org/congress/v1/members/V000108.json,Peter J. Visclosky,D,IN,1,1325,1234,94.49,195,
C001092,https://api.propublica.org/congress/v1/members/C001092.json,Chris Collins,R,NY,27,1325,1223,94.51,196,
I000056,https://api.propublica.org/congress/v1/members/I000056.json,Darrell Issa,R,CA,49,1325,1207,94.52,197,
H001070,https://api.propublica.org/congress/v1/members/H001070.json,Cresent Hardy,R,NV,4,1325,1225,94.52,198,Lost general election.
H001058,https://api.propublica.org/congress/v1/members/H001058.json,Bill Huizenga,R,MI,2,1325,1208,94.52,199,
H000636,https://api.propublica.org/congress/v1/members/H000636.json,Rubén Hinojosa,D,TX,15,1325,967,94.53,200,"Announced retirement on Nov. 13, 2015"
L000551,https://api.propublica.org/congress/v1/members/L000551.json,Barbara Lee,D,CA,13,1325,1126,94.54,201,
H001065,https://api.propublica.org/congress/v1/members/H001065.json,George Holding,R,NC,13,1325,1245,94.6,202,Elected to 2nd District seat.
R000577,https://api.propublica.org/congress/v1/members/R000577.json,Tim Ryan,D,OH,13,1325,1194,94.61,203,
G000551,https://api.propublica.org/congress/v1/members/G000551.json,Raúl M. Grijalva,D,AZ,3,1325,1126,94.62,204,
R000515,https://api.propublica.org/congress/v1/members/R000515.json,Bobby L. Rush,D,IL,1,1325,952,94.63,205,
M001150,https://api.propublica.org/congress/v1/members/M001150.json,Candice S. Miller,R,MI,10,1325,1164,94.63,206,"Announced retirement on March 6, 2015"
R000487,https://api.propublica.org/congress/v1/members/R000487.json,Edward Royce,R,CA,39,1325,1242,94.66,207,
L000583,https://api.propublica.org/congress/v1/members/L000583.json,Barry Loudermilk,R,GA,11,1325,1222,94.73,208,
B001284,https://api.propublica.org/congress/v1/members/B001284.json,Susan Brooks,R,IN,5,1325,1240,94.73,209,
V000130,https://api.propublica.org/congress/v1/members/V000130.json,Juan Vargas,D,CA,51,1325,1242,94.74,210,
G000577,https://api.propublica.org/congress/v1/members/G000577.json,Garret Graves,R,LA,6,1325,1245,94.75,211,
C001048,https://api.propublica.org/congress/v1/members/C001048.json,John Culberson,R,TX,7,1325,1195,94.77,212,
R000588,https://api.propublica.org/congress/v1/members/R000588.json,Cedric Richmond,D,LA,2,1325,1181,94.78,213,
F000448,https://api.propublica.org/congress/v1/members/F000448.json,Trent Franks,R,AZ,8,1325,1218,94.79,214,
L000559,https://api.propublica.org/congress/v1/members/L000559.json,Jim Langevin,D,RI,2,1325,1238,94.79,215,
M001187,https://api.propublica.org/congress/v1/members/M001187.json,Mark Meadows,R,NC,11,1325,1239,94.8,216,
N000184,https://api.propublica.org/congress/v1/members/N000184.json,Kristi Noem,R,SD,1,1325,1225,94.81,217,
B000911,https://api.propublica.org/congress/v1/members/B000911.json,Corrine Brown,D,FL,5,1325,1079,94.82,218,"Lost primary election on Aug. 30, 2016."
M001179,https://api.propublica.org/congress/v1/members/M001179.json,Tom Marino,R,PA,10,1325,1172,94.82,219,
J000290,https://api.propublica.org/congress/v1/members/J000290.json,Lynn Jenkins,R,KS,2,1325,1231,94.84,220,
H001067,https://api.propublica.org/congress/v1/members/H001067.json,Richard Hudson,R,NC,8,1325,1165,94.87,221,
M001189,https://api.propublica.org/congress/v1/members/M001189.json,Luke Messer,R,IN,6,1325,1242,94.88,222,
L000582,https://api.propublica.org/congress/v1/members/L000582.json,Ted Lieu,D,CA,33,1325,1133,94.89,223,
T000193,https://api.propublica.org/congress/v1/members/T000193.json,Bennie Thompson,D,MS,2,1325,1208,94.89,224,
B001291,https://api.propublica.org/congress/v1/members/B001291.json,Brian Babin,R,TX,36,1325,1232,94.92,225,
L000397,https://api.propublica.org/congress/v1/members/L000397.json,Zoe Lofgren,D,CA,19,1325,1177,94.92,226,
W000800,https://api.propublica.org/congress/v1/members/W000800.json,Peter Welch,D,VT,1,1324,1218,94.93,227,
S000344,https://api.propublica.org/congress/v1/members/S000344.json,Brad Sherman,D,CA,30,1325,1244,94.96,228,
T000475,https://api.propublica.org/congress/v1/members/T000475.json,Dave Trott,R,MI,11,1325,1247,94.97,229,
F000454,https://api.propublica.org/congress/v1/members/F000454.json,Bill Foster,D,IL,11,1325,1253,95,230,
L000287,https://api.propublica.org/congress/v1/members/L000287.json,John Lewis,D,GA,5,1325,1166,95.03,231,
W000804,https://api.propublica.org/congress/v1/members/W000804.json,Robert J. Wittman,R,VA,1,1325,1245,95.04,232,
W000822,https://api.propublica.org/congress/v1/members/W000822.json,Bonnie Watson Coleman,D,NJ,12,1325,1245,95.04,233,
K000362,https://api.propublica.org/congress/v1/members/K000362.json,Steve King,R,IA,4,1325,1207,95.04,234,
B001270,https://api.propublica.org/congress/v1/members/B001270.json,Karen Bass,D,CA,37,1325,1137,95.07,235,
L000584,https://api.propublica.org/congress/v1/members/L000584.json,Mia Love,R,UT,4,1325,1236,95.08,236,
H001034,https://api.propublica.org/congress/v1/members/H001034.json,Michael M. Honda,D,CA,17,1325,1238,95.08,237,Lost general election.
M001144,https://api.propublica.org/congress/v1/members/M001144.json,Jeff Miller,R,FL,1,1325,1220,95.09,238,"Announced retirement on March 10, 2016"
J000032,https://api.propublica.org/congress/v1/members/J000032.json,Sheila Jackson Lee,D,TX,18,1325,1104,95.09,239,
O000170,https://api.propublica.org/congress/v1/members/O000170.json,Beto O'Rourke,D,TX,16,1325,1203,95.1,240,
C001069,https://api.propublica.org/congress/v1/members/C001069.json,Joe Courtney,D,CT,2,1325,1244,95.11,241,
M001158,https://api.propublica.org/congress/v1/members/M001158.json,Kenny Marchant,R,TX,24,1325,1170,95.12,242,
C001051,https://api.propublica.org/congress/v1/members/C001051.json,John Carter,R,TX,31,1311,1172,95.13,243,
H001045,https://api.propublica.org/congress/v1/members/H001045.json,Gregg Harper,R,MS,3,1325,1232,95.14,244,
R000604,https://api.propublica.org/congress/v1/members/R000604.json,Steve Russell,R,OK,5,1325,1237,95.15,245,
J000292,https://api.propublica.org/congress/v1/members/J000292.json,Bill Johnson,R,OH,6,1325,1257,95.16,246,
R000603,https://api.propublica.org/congress/v1/members/R000603.json,David Rouzer,R,NC,7,1325,1259,95.16,247,
C000537,https://api.propublica.org/congress/v1/members/C000537.json,James E. Clyburn,D,SC,6,1325,1188,95.19,248,
F000458,https://api.propublica.org/congress/v1/members/F000458.json,Stephen Fincher,R,TN,8,1325,917,95.22,249,"Announced retirement on Feb. 1, 2016"
B001255,https://api.propublica.org/congress/v1/members/B001255.json,Charles Boustany Jr.,R,LA,3,1325,1246,95.26,250,Running for Senate
B001293,https://api.propublica.org/congress/v1/members/B001293.json,Mike Bishop,R,MI,8,1325,1252,95.28,251,
S001145,https://api.propublica.org/congress/v1/members/S001145.json,Jan Schakowsky,D,IL,9,1325,1213,95.29,252,
N000181,https://api.propublica.org/congress/v1/members/N000181.json,Devin Nunes,R,CA,22,1325,1259,95.31,253,
N000015,https://api.propublica.org/congress/v1/members/N000015.json,Richard E. Neal,D,MA,1,1325,1226,95.33,254,
W000819,https://api.propublica.org/congress/v1/members/W000819.json,Mark Walker,R,NC,6,1325,1230,95.35,255,
T000468,https://api.propublica.org/congress/v1/members/T000468.json,Dina Titus,D,NV,1,1325,1193,95.36,256,
C001101,https://api.propublica.org/congress/v1/members/C001101.json,Katherine Clark,D,MA,5,1325,1255,95.36,257,
C000714,https://api.propublica.org/congress/v1/members/C000714.json,John Conyers Jr.,D,MI,13,1325,1195,95.37,258,
H001048,https://api.propublica.org/congress/v1/members/H001048.json,Duncan D. Hunter,R,CA,50,1325,1237,95.37,259,
P000034,https://api.propublica.org/congress/v1/members/P000034.json,Frank Pallone,D,NJ,6,1325,1240,95.38,260,
H001073,https://api.propublica.org/congress/v1/members/H001073.json,Will Hurd,R,TX,23,1325,1261,95.39,261,
C001103,https://api.propublica.org/congress/v1/members/C001103.json,Buddy Carter,R,GA,1,1325,1241,95.39,262,
M001160,https://api.propublica.org/congress/v1/members/M001160.json,Gwen Moore,D,WI,4,1325,1159,95.39,263,
W000809,https://api.propublica.org/congress/v1/members/W000809.json,Steve Womack,R,AR,3,1325,1264,95.4,264,
W000815,https://api.propublica.org/congress/v1/members/W000815.json,Brad Wenstrup,R,OH,2,1325,1246,95.41,265,
W000820,https://api.propublica.org/congress/v1/members/W000820.json,Mimi Walters,R,CA,45,1325,1207,95.42,266,
H001072,https://api.propublica.org/congress/v1/members/H001072.json,French Hill,R,AR,2,1325,1256,95.44,267,
H001068,https://api.propublica.org/congress/v1/members/H001068.json,Jared Huffman,D,CA,2,1325,1236,95.44,268,
Y000064,https://api.propublica.org/congress/v1/members/Y000064.json,Todd Young,R,IN,9,1325,1216,95.45,269,Elected to Senate
S001193,https://api.propublica.org/congress/v1/members/S001193.json,Eric Swalwell,D,CA,15,1325,1218,95.45,270,
G000377,https://api.propublica.org/congress/v1/members/G000377.json,Kay Granger,R,TX,12,1325,1178,95.46,271,
T000474,https://api.propublica.org/congress/v1/members/T000474.json,Norma Torres,D,CA,35,1325,1248,95.49,272,
C001096,https://api.propublica.org/congress/v1/members/C001096.json,Kevin Cramer,R,ND,1,1325,1228,95.49,273,
C001061,https://api.propublica.org/congress/v1/members/C001061.json,Emanuel Cleaver II,D,MO,5,1325,1144,95.49,274,
C001067,https://api.propublica.org/congress/v1/members/C001067.json,Yvette D. Clarke,D,NY,9,1325,1230,95.5,275,
P000606,https://api.propublica.org/congress/v1/members/P000606.json,Robert Pittenger,R,NC,9,1325,1231,95.5,276,
L000560,https://api.propublica.org/congress/v1/members/L000560.json,Rick Larsen,D,WA,2,1325,1254,95.51,277,
E000293,https://api.propublica.org/congress/v1/members/E000293.json,Elizabeth Esty,D,CT,5,1325,1257,95.52,278,
H001060,https://api.propublica.org/congress/v1/members/H001060.json,Robert Hurt,R,VA,5,1325,1216,95.52,279,"Announced retirement on Dec. 23, 2015"
W000187,https://api.propublica.org/congress/v1/members/W000187.json,Maxine Waters,D,CA,43,1311,1157,95.54,280,
B001250,https://api.propublica.org/congress/v1/members/B001250.json,Rob Bishop,R,UT,1,1325,1203,95.55,281,
S000480,https://api.propublica.org/congress/v1/members/S000480.json,Louise M. Slaughter,D,NY,25,1325,1228,95.56,282,
F000030,https://api.propublica.org/congress/v1/members/F000030.json,Sam Farr,D,CA,20,1325,1191,95.59,283,"Announced retirement on Nov. 12, 2015"
M000689,https://api.propublica.org/congress/v1/members/M000689.json,John L. Mica,R,FL,7,1325,1258,95.59,284,Lost general election.
B001292,https://api.propublica.org/congress/v1/members/B001292.json,Donald Beyer,D,VA,8,1325,1215,95.59,285,
H001064,https://api.propublica.org/congress/v1/members/H001064.json,Denny Heck,D,WA,10,1325,1259,95.6,286,
G000535,https://api.propublica.org/congress/v1/members/G000535.json,Luis V. Gutiérrez,D,IL,4,1325,1066,95.61,287,
W000806,https://api.propublica.org/congress/v1/members/W000806.json,Daniel Webster,R,FL,10,1325,1197,95.61,288,Elected to 11th District seat.
F000461,https://api.propublica.org/congress/v1/members/F000461.json,Bill Flores,R,TX,17,1325,1243,95.62,289,
P000096,https://api.propublica.org/congress/v1/members/P000096.json,Bill Pascrell Jr.,D,NJ,9,1325,1226,95.63,290,
R000593,https://api.propublica.org/congress/v1/members/R000593.json,Dennis Ross,R,FL,15,1325,1249,95.64,291,
L000570,https://api.propublica.org/congress/v1/members/L000570.json,Ben Ray Luján,D,NM,3,1325,1253,95.65,292,
S000510,https://api.propublica.org/congress/v1/members/S000510.json,Adam Smith,D,WA,9,1325,1012,95.65,293,
S001195,https://api.propublica.org/congress/v1/members/S001195.json,Jason Smith,R,MO,8,1325,1256,95.66,294,
R000591,https://api.propublica.org/congress/v1/members/R000591.json,Martha Roby,R,AL,2,1325,1234,95.66,295,
D000617,https://api.propublica.org/congress/v1/members/D000617.json,Suzan K. DelBene,D,WA,1,1325,1259,95.67,296,
Q000023,https://api.propublica.org/congress/v1/members/Q000023.json,Mike Quigley,D,IL,5,1325,1241,95.68,297,
M001166,https://api.propublica.org/congress/v1/members/M001166.json,Jerry McNerney,D,CA,9,1325,1242,95.69,298,
J000288,https://api.propublica.org/congress/v1/members/J000288.json,Hank Johnson,D,GA,4,1325,1226,95.71,299,
K000387,https://api.propublica.org/congress/v1/members/K000387.json,Steve Knight,R,CA,25,1325,1249,95.71,300,
S001175,https://api.propublica.org/congress/v1/members/S001175.json,Jackie Speier,D,CA,14,1325,1161,95.71,301,
C001097,https://api.propublica.org/congress/v1/members/C001097.json,Tony Cárdenas,D,CA,29,1325,1161,95.71,302,
T000460,https://api.propublica.org/congress/v1/members/T000460.json,Mike Thompson,D,CA,5,1325,1228,95.71,303,
I000057,https://api.propublica.org/congress/v1/members/I000057.json,Steve Israel,D,NY,3,1325,1228,95.71,304,"Announced retirement on Jan. 5, 2016"
C001066,https://api.propublica.org/congress/v1/members/C001066.json,Kathy Castor,D,FL,14,1325,1229,95.72,305,
D000482,https://api.propublica.org/congress/v1/members/D000482.json,Mike Doyle,D,PA,14,1325,1209,95.72,306,
L000491,https://api.propublica.org/congress/v1/members/L000491.json,Frank D. Lucas,R,OK,3,1325,1265,95.76,307,
C001072,https://api.propublica.org/congress/v1/members/C001072.json,André Carson,D,IN,7,1325,1250,95.79,308,
D000399,https://api.propublica.org/congress/v1/members/D000399.json,Lloyd Doggett,D,TX,35,1325,1250,95.79,309,
T000473,https://api.propublica.org/congress/v1/members/T000473.json,Mark Takai,D,HI,1,1181,728,95.79,310,"Died on July 20, 2016."
E000288,https://api.propublica.org/congress/v1/members/E000288.json,Keith Ellison,D,MN,5,1325,1212,95.81,311,
L000557,https://api.propublica.org/congress/v1/members/L000557.json,John B. Larson,D,CT,1,1325,1214,95.82,312,
P000604,https://api.propublica.org/congress/v1/members/P000604.json,Donald M. Payne Jr.,D,NJ,10,1325,1032,95.82,313,
C001090,https://api.propublica.org/congress/v1/members/C001090.json,Matt Cartwright,D,PA,17,1325,1240,95.83,314,
J000174,https://api.propublica.org/congress/v1/members/J000174.json,Sam Johnson,R,TX,3,1325,1149,95.83,315,
H000874,https://api.propublica.org/congress/v1/members/H000874.json,Steny H. Hoyer,D,MD,5,1325,1219,95.83,316,
B000287,https://api.propublica.org/congress/v1/members/B000287.json,Xavier Becerra,D,CA,34,1325,1197,95.84,317,
C001049,https://api.propublica.org/congress/v1/members/C001049.json,William Lacy Clay,D,MO,1,1325,1225,95.85,318,
L000565,https://api.propublica.org/congress/v1/members/L000565.json,Dave Loebsack,D,IA,2,1325,1252,95.87,319,
T000469,https://api.propublica.org/congress/v1/members/T000469.json,Paul Tonko,D,NY,20,1320,1253,95.87,320,
F000455,https://api.propublica.org/congress/v1/members/F000455.json,Marcia L. Fudge,D,OH,11,1325,1232,95.88,321,
G000563,https://api.propublica.org/congress/v1/members/G000563.json,Bob Gibbs,R,OH,7,1325,1260,95.89,322,
S001192,https://api.propublica.org/congress/v1/members/S001192.json,Chris Stewart,R,UT,2,1325,1237,95.89,323,
L000585,https://api.propublica.org/congress/v1/members/L000585.json,Darin M. LaHood,R,IL,18,829,794,95.89,324,
B001282,https://api.propublica.org/congress/v1/members/B001282.json,Andy Barr,R,KY,6,1325,1262,95.9,325,
L000578,https://api.propublica.org/congress/v1/members/L000578.json,Doug LaMalfa,R,CA,1,1325,1241,95.9,326,
E000179,https://api.propublica.org/congress/v1/members/E000179.json,Eliot L. Engel,D,NY,16,1320,1176,95.92,327,
C001094,https://api.propublica.org/congress/v1/members/C001094.json,Paul Cook,R,CA,8,1325,1249,95.93,328,
B001227,https://api.propublica.org/congress/v1/members/B001227.json,Robert A. Brady,D,PA,1,1325,1203,95.93,329,
B000213,https://api.propublica.org/congress/v1/members/B000213.json,Joe L. Barton,R,TX,6,1325,1230,95.94,330,
M001194,https://api.propublica.org/congress/v1/members/M001194.json,John Moolenaar,R,MI,4,1325,1255,95.95,331,
K000363,https://api.propublica.org/congress/v1/members/K000363.json,John Kline,R,MN,2,1325,1257,95.95,332,"Announced retirement on Sept. 3, 2015"
N000182,https://api.propublica.org/congress/v1/members/N000182.json,Randy Neugebauer,R,TX,19,1325,1261,95.97,333,"Announced retirement on Sept. 17, 2015"
H001063,https://api.propublica.org/congress/v1/members/H001063.json,Janice Hahn,D,CA,44,1303,1214,95.97,334,Running for county supervisor
B001257,https://api.propublica.org/congress/v1/members/B001257.json,Gus Bilirakis,R,FL,12,1325,1262,95.97,335,
W000798,https://api.propublica.org/congress/v1/members/W000798.json,Tim Walberg,R,MI,7,1325,1263,95.97,336,
B001278,https://api.propublica.org/congress/v1/members/B001278.json,Suzanne Bonamici,D,OR,1,1325,1240,95.98,337,
V000081,https://api.propublica.org/congress/v1/members/V000081.json,Nydia M. Velázquez,D,NY,7,1320,1246,95.99,338,
H001059,https://api.propublica.org/congress/v1/members/H001059.json,Randy Hultgren,R,IL,14,1325,1246,95.99,339,
P000602,https://api.propublica.org/congress/v1/members/P000602.json,Mike Pompeo,R,KS,4,1325,1227,96.01,340,
R000570,https://api.propublica.org/congress/v1/members/R000570.json,Paul D. Ryan,R,WI,1,1325,557,96.03,341,Speaker votes at his discretion
R000598,https://api.propublica.org/congress/v1/members/R000598.json,Keith Rothfus,R,PA,12,1325,1260,96.04,342,
F000445,https://api.propublica.org/congress/v1/members/F000445.json,J. Randy Forbes,R,VA,4,1325,1166,96.05,343,Lost primary election.
P000373,https://api.propublica.org/congress/v1/members/P000373.json,Joe Pitts,R,PA,16,1325,1239,96.05,344,"Announced retirement on Nov. 6, 2015"
L000569,https://api.propublica.org/congress/v1/members/L000569.json,Blaine Luetkemeyer,R,MO,3,1325,1252,96.09,345,
W000816,https://api.propublica.org/congress/v1/members/W000816.json,Roger Williams,R,TX,25,1325,1193,96.13,346,
K000388,https://api.propublica.org/congress/v1/members/K000388.json,Trent Kelly,R,MS,1,1017,950,96.15,347,
P000597,https://api.propublica.org/congress/v1/members/P000597.json,Chellie Pingree,D,ME,1,1325,1256,96.17,348,
Y000062,https://api.propublica.org/congress/v1/members/Y000062.json,John Yarmuth,D,KY,3,1325,1183,96.18,349,
B001243,https://api.propublica.org/congress/v1/members/B001243.json,Marsha Blackburn,R,TN,7,1325,1235,96.18,350,
K000009,https://api.propublica.org/congress/v1/members/K000009.json,Marcy Kaptur,D,OH,9,1325,1212,96.19,351,
W000812,https://api.propublica.org/congress/v1/members/W000812.json,Ann Wagner,R,MO,2,1325,1189,96.2,352,
F000459,https://api.propublica.org/congress/v1/members/F000459.json,Chuck Fleischmann,R,TN,3,1325,1265,96.2,353,
T000472,https://api.propublica.org/congress/v1/members/T000472.json,Mark Takano,D,CA,41,1325,1270,96.21,354,
F000043,https://api.propublica.org/congress/v1/members/F000043.json,Chaka Fattah,D,PA,2,1045,764,96.22,355,"Resigned effective June 23, 2016."
C001062,https://api.propublica.org/congress/v1/members/C001062.json,K. Michael Conaway,R,TX,11,1325,1275,96.23,356,
M001165,https://api.propublica.org/congress/v1/members/M001165.json,Kevin McCarthy,R,CA,23,1325,1257,96.25,357,
B001289,https://api.propublica.org/congress/v1/members/B001289.json,Bradley Byrne,R,AL,1,1325,1236,96.26,358,
H001053,https://api.propublica.org/congress/v1/members/H001053.json,Vicky Hartzler,R,MO,4,1325,1262,96.26,359,
L000564,https://api.propublica.org/congress/v1/members/L000564.json,Doug Lamborn,R,CO,5,1325,1238,96.27,360,
T000238,https://api.propublica.org/congress/v1/members/T000238.json,William M. Thornberry,R,TX,13,1325,1264,96.27,361,
K000379,https://api.propublica.org/congress/v1/members/K000379.json,Joseph P. Kennedy III,D,MA,4,1325,1215,96.28,362,
C001087,https://api.propublica.org/congress/v1/members/C001087.json,Rick Crawford,R,AR,1,1325,1220,96.29,363,
N000002,https://api.propublica.org/congress/v1/members/N000002.json,Jerrold Nadler,D,NY,10,1320,1173,96.31,364,
B001251,https://api.propublica.org/congress/v1/members/B001251.json,G. K. Butterfield,D,NC,1,1325,1209,96.33,365,
M001159,https://api.propublica.org/congress/v1/members/M001159.json,Cathy McMorris Rodgers,R,WA,5,1325,1269,96.36,366,
G000566,https://api.propublica.org/congress/v1/members/G000566.json,Trey Gowdy,R,SC,4,1324,1218,96.36,367,
L000576,https://api.propublica.org/congress/v1/members/L000576.json,Billy Long,R,MO,7,1325,1220,96.37,368,
L000480,https://api.propublica.org/congress/v1/members/L000480.json,Nita M. Lowey,D,NY,17,1320,1260,96.4,369,
L000579,https://api.propublica.org/congress/v1/members/L000579.json,Alan Lowenthal,D,CA,47,1325,1265,96.42,370,
D000598,https://api.propublica.org/congress/v1/members/D000598.json,Susan A. Davis,D,CA,53,1325,1267,96.42,371,
C001036,https://api.propublica.org/congress/v1/members/C001036.json,Lois Capps,D,CA,24,1325,1219,96.44,372,"Announced retirement on April 8, 2015"
R000582,https://api.propublica.org/congress/v1/members/R000582.json,Phil Roe,R,TN,1,1325,1168,96.45,373,"Pamela Roe, the wife of Phil Roe, died on March 5, 2015"
W000797,https://api.propublica.org/congress/v1/members/W000797.json,Debbie Wasserman Schultz,D,FL,23,1325,1172,96.46,374,
G000289,https://api.propublica.org/congress/v1/members/G000289.json,Robert W. Goodlatte,R,VA,6,1325,1261,96.48,375,
M001137,https://api.propublica.org/congress/v1/members/M001137.json,Gregory W. Meeks,D,NY,5,1320,1102,96.5,376,
M001188,https://api.propublica.org/congress/v1/members/M001188.json,Grace Meng,D,NY,6,1320,1216,96.51,377,
A000374,https://api.propublica.org/congress/v1/members/A000374.json,Ralph Abraham,R,LA,5,1325,1277,96.52,378,
M001157,https://api.propublica.org/congress/v1/members/M001157.json,Michael McCaul,R,TX,10,1325,1252,96.53,379,
M001143,https://api.propublica.org/congress/v1/members/M001143.json,Betty McCollum,D,MN,4,1325,1263,96.56,380,
S001156,https://api.propublica.org/congress/v1/members/S001156.json,Linda T. Sánchez,D,CA,38,1325,1245,96.59,381,
P000607,https://api.propublica.org/congress/v1/members/P000607.json,Mark Pocan,D,WI,2,1325,1250,96.6,382,
E000215,https://api.propublica.org/congress/v1/members/E000215.json,Anna G. Eshoo,D,CA,18,1325,1251,96.6,383,
R000486,https://api.propublica.org/congress/v1/members/R000486.json,Lucille Roybal-Allard,D,CA,40,1325,1257,96.62,384,
D000610,https://api.propublica.org/congress/v1/members/D000610.json,Ted Deutch,D,FL,21,1325,1204,96.63,385,
D000623,https://api.propublica.org/congress/v1/members/D000623.json,Mark DeSaulnier,D,CA,11,1325,1267,96.64,386,
M001156,https://api.propublica.org/congress/v1/members/M001156.json,Patrick T. McHenry,R,NC,10,1325,1274,96.66,387,
R000053,https://api.propublica.org/congress/v1/members/R000053.json,Charles B. Rangel,D,NY,13,1320,1218,96.67,388,"Announced retirement on Oct. 30, 2015"
C001091,https://api.propublica.org/congress/v1/members/C001091.json,Joaquín Castro,D,TX,20,1325,1193,96.68,389,
S001176,https://api.propublica.org/congress/v1/members/S001176.json,Steve Scalise,R,LA,1,1325,1259,96.7,390,
H001036,https://api.propublica.org/congress/v1/members/H001036.json,Jeb Hensarling,R,TX,5,1325,1267,96.72,391,
S000248,https://api.propublica.org/congress/v1/members/S000248.json,José E. Serrano,D,NY,15,1325,1268,96.72,392,
B001273,https://api.propublica.org/congress/v1/members/B001273.json,Diane Black,R,TN,6,1325,1215,96.74,393,
S000583,https://api.propublica.org/congress/v1/members/S000583.json,Lamar Smith,R,TX,21,1325,1257,96.77,394,
S001168,https://api.propublica.org/congress/v1/members/S001168.json,John Sarbanes,D,MD,3,1325,1261,96.78,395,
S001150,https://api.propublica.org/congress/v1/members/S001150.json,Adam B. Schiff,D,CA,28,1325,1263,96.78,396,
M000087,https://api.propublica.org/congress/v1/members/M000087.json,Carolyn B. Maloney,D,NY,12,1320,1208,96.79,397,
D000624,https://api.propublica.org/congress/v1/members/D000624.json,Debbie Dingell,D,MI,12,1325,1247,96.82,398,
W000808,https://api.propublica.org/congress/v1/members/W000808.json,Frederica Wilson,D,FL,24,1325,1172,96.86,399,
L000566,https://api.propublica.org/congress/v1/members/L000566.json,Robert E. Latta,R,OH,5,1325,1268,96.87,400,
A000372,https://api.propublica.org/congress/v1/members/A000372.json,Rick Allen,R,GA,12,1325,1268,96.87,401,
K000385,https://api.propublica.org/congress/v1/members/K000385.json,Robin Kelly,D,IL,2,1325,1176,96.87,402,
S001172,https://api.propublica.org/congress/v1/members/S001172.json,Adrian Smith,R,NE,3,1325,1269,96.87,403,
S000185,https://api.propublica.org/congress/v1/members/S000185.json,Robert C. Scott,D,VA,3,1325,1273,96.88,404,
H001038,https://api.propublica.org/congress/v1/members/H001038.json,Brian Higgins,D,NY,26,1320,1251,96.9,405,
L000581,https://api.propublica.org/congress/v1/members/L000581.json,Brenda Lawrence,D,MI,14,1325,1259,96.92,406,
F000462,https://api.propublica.org/congress/v1/members/F000462.json,Lois Frankel,D,FL,22,1325,1259,96.92,407,
O000168,https://api.propublica.org/congress/v1/members/O000168.json,Pete Olson,R,TX,22,1325,1260,96.92,408,
T000465,https://api.propublica.org/congress/v1/members/T000465.json,Niki Tsongas,D,MA,3,1325,1230,96.93,409,
L000263,https://api.propublica.org/congress/v1/members/L000263.json,Sander M. Levin,D,MI,9,1325,1264,96.93,410,
M001190,https://api.propublica.org/congress/v1/members/M001190.json,Markwayne Mullin,R,OK,2,1325,1272,96.95,411,
E000290,https://api.propublica.org/congress/v1/members/E000290.json,Donna Edwards,D,MD,4,1325,1241,96.95,412,Lost Democratic primary for Senate
K000380,https://api.propublica.org/congress/v1/members/K000380.json,Dan Kildee,D,MI,5,1325,1246,96.97,413,
D000216,https://api.propublica.org/congress/v1/members/D000216.json,Rosa DeLauro,D,CT,3,1325,1228,97,414,
D000197,https://api.propublica.org/congress/v1/members/D000197.json,Diana DeGette,D,CO,1,1325,1265,97.01,415,
P000523,https://api.propublica.org/congress/v1/members/P000523.json,David E. Price,D,NC,4,1324,1241,97.03,416,
C000984,https://api.propublica.org/congress/v1/members/C000984.json,Elijah E. Cummings,D,MD,7,1325,1248,97.05,417,
C000266,https://api.propublica.org/congress/v1/members/C000266.json,Steven J. Chabot,R,OH,1,1325,1285,97.05,418,
C001084,https://api.propublica.org/congress/v1/members/C001084.json,David Cicilline,D,RI,1,1324,1255,97.06,419,
C001038,https://api.propublica.org/congress/v1/members/C001038.json,Joseph Crowley,D,NY,14,1320,1237,97.1,420,
S001189,https://api.propublica.org/congress/v1/members/S001189.json,Austin Scott,R,GA,8,1325,1257,97.14,421,
N000179,https://api.propublica.org/congress/v1/members/N000179.json,Grace F. Napolitano,D,CA,32,1325,1224,97.14,422,
B001281,https://api.propublica.org/congress/v1/members/B001281.json,Joyce Beatty,D,OH,3,1325,1262,97.15,423,
W000795,https://api.propublica.org/congress/v1/members/W000795.json,Joe Wilson,R,SC,2,1325,1266,97.16,424,
W000813,https://api.propublica.org/congress/v1/members/W000813.json,Jackie Walorski,R,IN,2,1325,1269,97.17,425,
M001163,https://api.propublica.org/congress/v1/members/M001163.json,Doris Matsui,D,CA,6,1325,1277,97.18,426,
B000755,https://api.propublica.org/congress/v1/members/B000755.json,Kevin Brady,R,TX,8,1325,1229,97.23,427,
S000250,https://api.propublica.org/congress/v1/members/S000250.json,Pete Sessions,R,TX,32,1325,1265,97.23,428,
G000558,https://api.propublica.org/congress/v1/members/G000558.json,Brett Guthrie,R,KY,2,1325,1276,97.26,429,
P000197,https://api.propublica.org/congress/v1/members/P000197.json,Nancy Pelosi,D,CA,12,1325,1172,97.26,430,
J000294,https://api.propublica.org/congress/v1/members/J000294.json,Hakeem Jeffries,D,NY,8,1325,1244,97.26,431,
V000128,https://api.propublica.org/congress/v1/members/V000128.json,Chris Van Hollen,D,MD,8,1325,1250,97.28,432,Elected to Senate
D000096,https://api.propublica.org/congress/v1/members/D000096.json,Danny K. Davis,D,IL,7,1325,1220,97.29,433,
A000370,https://api.propublica.org/congress/v1/members/A000370.json,Alma Adams,D,NC,12,1325,1191,97.3,434,
C001080,https://api.propublica.org/congress/v1/members/C001080.json,Judy Chu,D,CA,27,1325,1231,97.31,435,
G000574,https://api.propublica.org/congress/v1/members/G000574.json,Ruben Gallego,D,AZ,7,1325,1272,97.32,436,
W000821,https://api.propublica.org/congress/v1/members/W000821.json,Bruce Westerman,R,AR,4,1325,1286,97.42,437,
E000296,https://api.propublica.org/congress/v1/members/E000296.json,Dwight Evans,D,PA,2,47,45,97.83,438,
C001108,https://api.propublica.org/congress/v1/members/C001108.json,James Comer,R,KY,1,47,46,97.87,439,
H001050,https://api.propublica.org/congress/v1/members/H001050.json,Colleen Hanabusa,D,HI,1,47,47,100,440,