"congress","chamber","num_results","offset","members__id","members__api_uri","members__name","members__party","members__state","members__district","members__total_votes","members__missed_votes","members__missed_votes_pct","members__rank","members__notes"
"114","House","450","0","B000589","https://api.propublica.org/congress/v1/members/B000589.json","John A. Boehner","R","OH","8","580","564","97.24","1","Announced resignation effective Oct. 31, 2015"
"","","","","R000570","https://api.propublica.org/congress/v1/members/R000570.json","Paul D. Ryan","R","WI","1","1325","745","56.23","2","Speaker votes at his discretion"
"","","","","T000473","https://api.propublica.org/congress/v1/members/T000473.json","Mark Takai","D","HI","1","1181","421","35.65","3","Died on July 20, 2016."
"","","","","S000030","https://api.propublica.org/congress/v1/members/S000030.json","Loretta Sánchez","D","CA","46","1325","388","29.28","4","Running for Senate"
"","","","","F000458","https://api.propublica.org/congress/v1/members/F000458.json","Stephen Fincher","R","TN","8","1325","362","27.32","5","Announced retirement on Feb. 1, 2016"
"","","","","R000515","https://api.propublica.org/congress/v1/members/R000515.json","Bobby L. Rush","D","IL","1","1325","319","24.08","6",""
"","","","","F000043","https://api.propublica.org/congress/v1/members/F000043.json","Chaka Fattah","D","PA","2","1045","251","24.02","7","Resigned effective June 23, 2016."
"","","","","H000636","https://api.propublica.org/congress/v1/members/H000636.json","Rubén Hinojosa","D","TX","15","1325","302","22.79","8","Announced retirement on Nov. 13, 2015"
"","","","","H001056","https://api.propublica.org/congress/v1/members/H001056.json","Jaime Herrera Beutler","R","WA","3","1325","299","22.57","9",""
"","","","","S000510","https://api.propublica.org/congress/v1/members/S000510.json","Adam Smith","D","WA","9","1325","267","20.15","10",""
"","","","","P000604","https://api.propublica.org/congress/v1/members/P000604.json","Donald M. Payne Jr.","D","NJ","10","1325","248","18.72","11",""
"","","","","W000796","https://api.propublica.org/congress/v1/members/W000796.json","Lynn Westmoreland","R","GA","3","1325","232","17.51","12","Announced retirement on Jan. 7, 2016"
"","","","","P000592","https://api.propublica.org/congress/v1/members/P000592.json","Ted Poe","R","TX","2","1325","216","16.30","13",""
"","","","","G000535","https://api.propublica.org/congress/v1/members/G000535.json","Luis V. Gutiérrez","D","IL","4","1325","210","15.85","14",""
"","","","","H000324","https://api.propublica.org/congress/v1/members/H000324.json","Alcee L. Hastings","D","FL","20","1325","205","15.47","15",""
"","","","","B000911","https://api.propublica.org/congress/v1/members/B000911.json","Corrine Brown","D","FL","5","1325","187","14.11","16","Lost primary election on Aug. 30, 2016."
"","","","","N000185","https://api.propublica.org/congress/v1/members/N000185.json","Richard Nugent","R","FL","11","1325","180","13.58","17","Announced retirement on Nov. 2, 2015"
"","","","","M001137","https://api.propublica.org/congress/v1/members/M001137.json","Gregory W. Meeks","D","NY","5","1320","178","13.48","18",""
"","","","","J000032","https://api.propublica.org/congress/v1/members/J000032.json","Sheila Jackson Lee","D","TX","18","1325","164","12.38","19",""
"","","","","D000622","https://api.propublica.org/congress/v1/members/D000622.json","Tammy Duckworth","D","IL","8","1325","162","12.23","20","Elected to Senate."
"","","","","S001179","https://api.propublica.org/congress/v1/members/S001179.json","Aaron Schock","R","IL","18","144","17","11.81","21","Announced resignation effective March 31, 2015"
"","","","","K000368","https://api.propublica.org/congress/v1/members/K000368.json","Ann Kirkpatrick","D","AZ","1","1325","139","10.49","22","Running for Senate"
"","","","","G000551","https://api.propublica.org/congress/v1/members/G000551.json","Raúl M. Grijalva","D","AZ","3","1325","135","10.19","23",""
"","","","","L000551","https://api.propublica.org/congress/v1/members/L000551.json","Barbara Lee","D","CA","13","1325","134","10.11","24",""
"","","","","E000291","https://api.propublica.org/congress/v1/members/E000291.json","Renee Ellmers","R","NC","2","1325","132","9.96","25","Lost primary election."
"","","","","L000582","https://api.propublica.org/congress/v1/members/L000582.json","Ted Lieu","D","CA","33","1325","131","9.89","26",""
"","","","","B001270","https://api.propublica.org/congress/v1/members/B001270.json","Karen Bass","D","CA","37","1325","129","9.74","27",""
"","","","","C001061","https://api.propublica.org/congress/v1/members/C001061.json","Emanuel Cleaver II","D","MO","5","1325","127","9.58","28",""
"","","","","J000174","https://api.propublica.org/congress/v1/members/J000174.json","Sam Johnson","R","TX","3","1325","126","9.51","29",""
"","","","","P000197","https://api.propublica.org/congress/v1/members/P000197.json","Nancy Pelosi","D","CA","12","1325","120","9.06","30",""
"","","","","H001051","https://api.propublica.org/congress/v1/members/H001051.json","Richard Hanna","R","NY","22","1325","120","9.06","31","Announced retirement on Dec. 20, 2015"
"","","","","W000808","https://api.propublica.org/congress/v1/members/W000808.json","Frederica Wilson","D","FL","24","1325","115","8.68","32",""
"","","","","R000582","https://api.propublica.org/congress/v1/members/R000582.json","Phil Roe","R","TN","1","1325","114","8.60","33","Pamela Roe, the wife of Phil Roe, died on March 5, 2015"
"","","","","C001102","https://api.propublica.org/congress/v1/members/C001102.json","Curt Clawson","R","FL","19","1325","114","8.60","34","Announced retirement on May 19, 2016."
"","","","","W000413","https://api.propublica.org/congress/v1/members/W000413.json","Edward Whitfield","R","KY","1","1181","100","8.47","35","Announced resignation effective Sept. 6, 2016."
"","","","","S001175","https://api.propublica.org/congress/v1/members/S001175.json","Jackie Speier","D","CA","14","1325","112","8.45","36",""
"","","","","C001097","https://api.propublica.org/congress/v1/members/C001097.json","Tony Cárdenas","D","CA","29","1325","112","8.45","37",""
"","","","","F000445","https://api.propublica.org/congress/v1/members/F000445.json","J. Randy Forbes","R","VA","4","1325","111","8.38","38","Lost primary election."
"","","","","K000385","https://api.propublica.org/congress/v1/members/K000385.json","Robin Kelly","D","IL","2","1325","111","8.38","39",""
"","","","","W000797","https://api.propublica.org/congress/v1/members/W000797.json","Debbie Wasserman Schultz","D","FL","23","1325","110","8.30","40",""
"","","","","M001160","https://api.propublica.org/congress/v1/members/M001160.json","Gwen Moore","D","WI","4","1325","110","8.30","41",""
"","","","","D000191","https://api.propublica.org/congress/v1/members/D000191.json","Peter A. DeFazio","D","OR","4","1325","107","8.08","42",""
"","","","","N000002","https://api.propublica.org/congress/v1/members/N000002.json","Jerrold Nadler","D","NY","10","1320","102","7.73","43",""
"","","","","W000187","https://api.propublica.org/congress/v1/members/W000187.json","Maxine Waters","D","CA","43","1311","100","7.63","44",""
"","","","","A000370","https://api.propublica.org/congress/v1/members/A000370.json","Alma Adams","D","NC","12","1325","101","7.62","45",""
"","","","","J000126","https://api.propublica.org/congress/v1/members/J000126.json","Eddie Bernice Johnson","D","TX","30","1325","99","7.47","46",""
"","","","","L000287","https://api.propublica.org/congress/v1/members/L000287.json","John Lewis","D","GA","5","1325","98","7.40","47",""
"","","","","H001067","https://api.propublica.org/congress/v1/members/H001067.json","Richard Hudson","R","NC","8","1325","97","7.32","48",""
"","","","","Y000062","https://api.propublica.org/congress/v1/members/Y000062.json","John Yarmuth","D","KY","3","1325","95","7.17","49",""
"","","","","M001150","https://api.propublica.org/congress/v1/members/M001150.json","Candice S. Miller","R","MI","10","1325","95","7.17","50","Announced retirement on March 6, 2015"
"","","","","M001158","https://api.propublica.org/congress/v1/members/M001158.json","Kenny Marchant","R","TX","24","1325","95","7.17","51",""
"","","","","E000179","https://api.propublica.org/congress/v1/members/E000179.json","Eliot L. Engel","D","NY","16","1320","94","7.12","52",""
"","","","","G000546","https://api.propublica.org/congress/v1/members/G000546.json","Sam Graves","R","MO","6","1325","94","7.09","53",""
"","","","","S001188","https://api.propublica.org/congress/v1/members/S001188.json","Marlin Stutzman","R","IN","3","1325","91","6.87","54","Running for Senate"
"","","","","G000377","https://api.propublica.org/congress/v1/members/G000377.json","Kay Granger","R","TX","12","1325","91","6.87","55",""
"","","","","C001091","https://api.propublica.org/congress/v1/members/C001091.json","Joaquín Castro","D","TX","20","1325","91","6.87","56",""
"","","","","M001179","https://api.propublica.org/congress/v1/members/M001179.json","Tom Marino","R","PA","10","1325","89","6.72","57",""
"","","","","W000812","https://api.propublica.org/congress/v1/members/W000812.json","Ann Wagner","R","MO","2","1325","89","6.72","58",""
"","","","","S001185","https://api.propublica.org/congress/v1/members/S001185.json","Terri Sewell","D","AL","7","1325","87","6.57","59",""
"","","","","B001269","https://api.propublica.org/congress/v1/members/B001269.json","Lou Barletta","R","PA","11","1325","85","6.42","60",""
"","","","","L000397","https://api.propublica.org/congress/v1/members/L000397.json","Zoe Lofgren","D","CA","19","1325","85","6.42","61",""
"","","","","S001165","https://api.propublica.org/congress/v1/members/S001165.json","Albio Sires","D","NJ","8","1325","84","6.34","62",""
"","","","","W000816","https://api.propublica.org/congress/v1/members/W000816.json","Roger Williams","R","TX","25","1325","84","6.34","63",""
"","","","","R000409","https://api.propublica.org/congress/v1/members/R000409.json","Dana Rohrabacher","R","CA","48","1325","84","6.34","64",""
"","","","","A000369","https://api.propublica.org/congress/v1/members/A000369.json","Mark Amodei","R","NV","2","1325","83","6.26","65",""
"","","","","C001051","https://api.propublica.org/congress/v1/members/C001051.json","John Carter","R","TX","31","1311","79","6.03","66",""
"","","","","D000610","https://api.propublica.org/congress/v1/members/D000610.json","Ted Deutch","D","FL","21","1325","79","5.96","67",""
"","","","","B001260","https://api.propublica.org/congress/v1/members/B001260.json","Vern Buchanan","R","FL","16","1325","79","5.96","68",""
"","","","","F000030","https://api.propublica.org/congress/v1/members/F000030.json","Sam Farr","D","CA","20","1325","79","5.96","69","Announced retirement on Nov. 12, 2015"
"","","","","R000588","https://api.propublica.org/congress/v1/members/R000588.json","Cedric Richmond","D","LA","2","1325","79","5.96","70",""
"","","","","R000580","https://api.propublica.org/congress/v1/members/R000580.json","Peter Roskam","R","IL","6","1325","79","5.96","71",""
"","","","","Y000033","https://api.propublica.org/congress/v1/members/Y000033.json","Don Young","R","AK","1","1311","77","5.87","72",""
"","","","","J000296","https://api.propublica.org/congress/v1/members/J000296.json","David W. Jolly","R","FL","13","1325","77","5.81","73","Lost general election."
"","","","","C000537","https://api.propublica.org/congress/v1/members/C000537.json","James E. Clyburn","D","SC","6","1325","77","5.81","74",""
"","","","","B000287","https://api.propublica.org/congress/v1/members/B000287.json","Xavier Becerra","D","CA","34","1325","76","5.74","75",""
"","","","","T000468","https://api.propublica.org/congress/v1/members/T000468.json","Dina Titus","D","NV","1","1325","74","5.58","76",""
"","","","","S001157","https://api.propublica.org/congress/v1/members/S001157.json","David Scott","D","GA","13","1325","73","5.51","77",""
"","","","","W000806","https://api.propublica.org/congress/v1/members/W000806.json","Daniel Webster","R","FL","10","1325","73","5.51","78","Elected to 11th District seat."
"","","","","M000087","https://api.propublica.org/congress/v1/members/M000087.json","Carolyn B. Maloney","D","NY","12","1320","72","5.45","79",""
"","","","","P000588","https://api.propublica.org/congress/v1/members/P000588.json","Steve Pearce","R","NM","2","1325","72","5.43","80",""
"","","","","C000714","https://api.propublica.org/congress/v1/members/C000714.json","John Conyers Jr.","D","MI","13","1325","72","5.43","81",""
"","","","","K000188","https://api.propublica.org/congress/v1/members/K000188.json","Ron Kind","D","WI","3","1325","72","5.43","82",""
"","","","","D000620","https://api.propublica.org/congress/v1/members/D000620.json","John Delaney","D","MD","6","1325","72","5.43","83",""
"","","","","B001227","https://api.propublica.org/congress/v1/members/B001227.json","Robert A. Brady","D","PA","1","1325","71","5.36","84",""
"","","","","D000096","https://api.propublica.org/congress/v1/members/D000096.json","Danny K. Davis","D","IL","7","1325","71","5.36","85",""
"","","","","R000583","https://api.propublica.org/congress/v1/members/R000583.json","Tom Rooney","R","FL","17","1325","70","5.28","86",""
"","","","","B001251","https://api.propublica.org/congress/v1/members/B001251.json","G. K. Butterfield","D","NC","1","1325","70","5.28","87",""
"","","","","D000614","https://api.propublica.org/congress/v1/members/D000614.json","Sean Duffy","R","WI","7","1325","70","5.28","88",""
"","","","","T000462","https://api.propublica.org/congress/v1/members/T000462.json","Pat Tiberi","R","OH","12","1325","69","5.21","89",""
"","","","","D000616","https://api.propublica.org/congress/v1/members/D000616.json","Scott DesJarlais","R","TN","4","1325","69","5.21","90",""
"","","","","B001273","https://api.propublica.org/congress/v1/members/B001273.json","Diane Black","R","TN","6","1325","69","5.21","91",""
"","","","","T000463","https://api.propublica.org/congress/v1/members/T000463.json","Michael R. Turner","R","OH","10","1325","67","5.06","92",""
"","","","","P000601","https://api.propublica.org/congress/v1/members/P000601.json","Steven Palazzo","R","MS","4","1325","67","5.06","93",""
"","","","","P000593","https://api.propublica.org/congress/v1/members/P000593.json","Ed Perlmutter","D","CO","7","1325","67","5.06","94",""
"","","","","B001250","https://api.propublica.org/congress/v1/members/B001250.json","Rob Bishop","R","UT","1","1325","66","4.98","95",""
"","","","","B001297","https://api.propublica.org/congress/v1/members/B001297.json","Ken Buck","R","CO","4","1325","65","4.91","96",""
"","","","","S001187","https://api.propublica.org/congress/v1/members/S001187.json","Steve Stivers","R","OH","15","1325","65","4.91","97",""
"","","","","K000009","https://api.propublica.org/congress/v1/members/K000009.json","Marcy Kaptur","D","OH","9","1325","65","4.91","98",""
"","","","","N000179","https://api.propublica.org/congress/v1/members/N000179.json","Grace F. Napolitano","D","CA","32","1325","65","4.91","99",""
"","","","","C001048","https://api.propublica.org/congress/v1/members/C001048.json","John Culberson","R","TX","7","1325","64","4.83","100",""
"","","","","H001055","https://api.propublica.org/congress/v1/members/H001055.json","Joe Heck","R","NV","3","1325","63","4.75","101","Running for Senate"
"","","","","K000379","https://api.propublica.org/congress/v1/members/K000379.json","Joseph P. Kennedy III","D","MA","4","1325","63","4.75","102",""
"","","","","R000577","https://api.propublica.org/congress/v1/members/R000577.json","Tim Ryan","D","OH","13","1325","63","4.75","103",""
"","","","","R000602","https://api.propublica.org/congress/v1/members/R000602.json","Kathleen Rice","D","NY","4","1325","62","4.68","104",""
"","","","","D000482","https://api.propublica.org/congress/v1/members/D000482.json","Mike Doyle","D","PA","14","1325","62","4.68","105",""
"","","","","B000755","https://api.propublica.org/congress/v1/members/B000755.json","Kevin Brady","R","TX","8","1325","61","4.60","106",""
"","","","","C001036","https://api.propublica.org/congress/v1/members/C001036.json","Lois Capps","D","CA","24","1325","61","4.60","107","Announced retirement on April 8, 2015"
"","","","","L000580","https://api.propublica.org/congress/v1/members/L000580.json","Michelle Lujan Grisham","D","NM","1","1325","61","4.60","108",""
"","","","","N000127","https://api.propublica.org/congress/v1/members/N000127.json","Rick Nolan","D","MN","8","1317","60","4.56","109",""
"","","","","M001188","https://api.propublica.org/congress/v1/members/M001188.json","Grace Meng","D","NY","6","1320","60","4.55","110",""
"","","","","R000053","https://api.propublica.org/congress/v1/members/R000053.json","Charles B. Rangel","D","NY","13","1320","60","4.55","111","Announced retirement on Oct. 30, 2015"
"","","","","G000566","https://api.propublica.org/congress/v1/members/G000566.json","Trey Gowdy","R","SC","4","1324","60","4.53","112",""
"","","","","W000820","https://api.propublica.org/congress/v1/members/W000820.json","Mimi Walters","R","CA","45","1325","60","4.53","113",""
"","","","","C001080","https://api.propublica.org/congress/v1/members/C001080.json","Judy Chu","D","CA","27","1325","60","4.53","114",""
"","","","","E000288","https://api.propublica.org/congress/v1/members/E000288.json","Keith Ellison","D","MN","5","1325","60","4.53","115",""
"","","","","G000552","https://api.propublica.org/congress/v1/members/G000552.json","Louie Gohmert","R","TX","1","1325","60","4.53","116",""
"","","","","O000170","https://api.propublica.org/congress/v1/members/O000170.json","Beto O'Rourke","D","TX","16","1325","60","4.53","117",""
"","","","","B001295","https://api.propublica.org/congress/v1/members/B001295.json","Mike Bost","R","IL","12","1325","60","4.53","118",""
"","","","","D000216","https://api.propublica.org/congress/v1/members/D000216.json","Rosa DeLauro","D","CT","3","1325","59","4.45","119",""
"","","","","L000576","https://api.propublica.org/congress/v1/members/L000576.json","Billy Long","R","MO","7","1325","59","4.45","120",""
"","","","","R000576","https://api.propublica.org/congress/v1/members/R000576.json","C.A. Dutch Ruppersberger","D","MD","2","1325","59","4.45","121",""
"","","","","C001087","https://api.propublica.org/congress/v1/members/C001087.json","Rick Crawford","R","AR","1","1325","58","4.38","122",""
"","","","","L000557","https://api.propublica.org/congress/v1/members/L000557.json","John B. Larson","D","CT","1","1325","58","4.38","123",""
"","","","","B001296","https://api.propublica.org/congress/v1/members/B001296.json","Brendan Boyle","D","PA","13","1325","58","4.38","124",""
"","","","","G000410","https://api.propublica.org/congress/v1/members/G000410.json","Gene Green","D","TX","29","1325","57","4.30","125",""
"","","","","T000465","https://api.propublica.org/congress/v1/members/T000465.json","Niki Tsongas","D","MA","3","1325","56","4.23","126",""
"","","","","L000563","https://api.propublica.org/congress/v1/members/L000563.json","Daniel Lipinski","D","IL","3","1325","56","4.23","127",""
"","","","","K000362","https://api.propublica.org/congress/v1/members/K000362.json","Steve King","R","IA","4","1325","55","4.15","128",""
"","","","","R000599","https://api.propublica.org/congress/v1/members/R000599.json","Raul Ruiz","D","CA","36","1325","55","4.15","129",""
"","","","","B000574","https://api.propublica.org/congress/v1/members/B000574.json","Earl Blumenauer","D","OR","3","1325","54","4.08","130",""
"","","","","F000451","https://api.propublica.org/congress/v1/members/F000451.json","Michael G. Fitzpatrick","R","PA","8","1325","54","4.08","131","Announced retirement on Nov. 10, 2014"
"","","","","G000565","https://api.propublica.org/congress/v1/members/G000565.json","Paul Gosar","R","AZ","4","1325","54","4.08","132",""
"","","","","G000556","https://api.propublica.org/congress/v1/members/G000556.json","Alan Grayson","D","FL","9","1325","54","4.08","133","Running for Senate"
"","","","","M001182","https://api.propublica.org/congress/v1/members/M001182.json","Mick Mulvaney","R","SC","5","1325","54","4.08","134",""
"","","","","G000553","https://api.propublica.org/congress/v1/members/G000553.json","Al Green","D","TX","9","1325","54","4.08","135",""
"","","","","M000404","https://api.propublica.org/congress/v1/members/M000404.json","Jim McDermott","D","WA","7","1325","54","4.08","136","Announced retirement on Jan. 4, 2016"
"","","","","B001292","https://api.propublica.org/congress/v1/members/B001292.json","Donald Beyer","D","VA","8","1325","54","4.08","137",""
"","","","","G000559","https://api.propublica.org/congress/v1/members/G000559.json","John Garamendi","D","CA","3","1325","53","4.00","138",""
"","","","","H000874","https://api.propublica.org/congress/v1/members/H000874.json","Steny H. Hoyer","D","MD","5","1325","53","4.00","139",""
"","","","","T000193","https://api.propublica.org/congress/v1/members/T000193.json","Bennie Thompson","D","MS","2","1325","52","3.92","140",""
"","","","","C001076","https://api.propublica.org/congress/v1/members/C001076.json","Jason Chaffetz","R","UT","3","1325","52","3.92","141",""
"","","","","H001060","https://api.propublica.org/congress/v1/members/H001060.json","Robert Hurt","R","VA","5","1325","52","3.92","142","Announced retirement on Dec. 23, 2015"
"","","","","J000255","https://api.propublica.org/congress/v1/members/J000255.json","Walter B. Jones","R","NC","3","1325","52","3.92","143",""
"","","","","S001145","https://api.propublica.org/congress/v1/members/S001145.json","Jan Schakowsky","D","IL","9","1325","52","3.92","144",""
"","","","","Y000064","https://api.propublica.org/congress/v1/members/Y000064.json","Todd Young","R","IN","9","1325","51","3.85","145","Elected to Senate"
"","","","","R000578","https://api.propublica.org/congress/v1/members/R000578.json","Dave Reichert","R","WA","8","1325","51","3.85","146",""
"","","","","S001180","https://api.propublica.org/congress/v1/members/S001180.json","Kurt Schrader","D","OR","5","1325","50","3.77","147",""
"","","","","P000591","https://api.propublica.org/congress/v1/members/P000591.json","Tom Price","R","GA","6","1325","50","3.77","148",""
"","","","","S001191","https://api.propublica.org/congress/v1/members/S001191.json","Kyrsten Sinema","D","AZ","9","1325","49","3.70","149",""
"","","","","S001193","https://api.propublica.org/congress/v1/members/S001193.json","Eric Swalwell","D","CA","15","1325","49","3.70","150",""
"","","","","C001059","https://api.propublica.org/congress/v1/members/C001059.json","Jim Costa","D","CA","16","1317","48","3.64","151",""
"","","","","C001063","https://api.propublica.org/congress/v1/members/C001063.json","Henry Cuellar","D","TX","28","1325","48","3.62","152",""
"","","","","I000056","https://api.propublica.org/congress/v1/members/I000056.json","Darrell Issa","R","CA","49","1325","48","3.62","153",""
"","","","","A000371","https://api.propublica.org/congress/v1/members/A000371.json","Pete Aguilar","D","CA","31","1325","47","3.55","154",""
"","","","","C001049","https://api.propublica.org/congress/v1/members/C001049.json","William Lacy Clay","D","MO","1","1325","47","3.55","155",""
"","","","","D000615","https://api.propublica.org/congress/v1/members/D000615.json","Jeffrey Duncan","R","SC","3","1325","47","3.55","156",""
"","","","","P000602","https://api.propublica.org/congress/v1/members/P000602.json","Mike Pompeo","R","KS","4","1325","47","3.55","157",""
"","","","","H001058","https://api.propublica.org/congress/v1/members/H001058.json","Bill Huizenga","R","MI","2","1325","47","3.55","158",""
"","","","","C001038","https://api.propublica.org/congress/v1/members/C001038.json","Joseph Crowley","D","NY","14","1320","46","3.48","159",""
"","","","","B001290","https://api.propublica.org/congress/v1/members/B001290.json","David A. Brat","R","VA","7","1325","46","3.47","160",""
"","","","","J000294","https://api.propublica.org/congress/v1/members/J000294.json","Hakeem Jeffries","D","NY","8","1325","46","3.47","161",""
"","","","","M001191","https://api.propublica.org/congress/v1/members/M001191.json","Patrick Murphy","D","FL","18","1325","46","3.47","162","Running for Senate"
"","","","","P000523","https://api.propublica.org/congress/v1/members/P000523.json","David E. Price","D","NC","4","1324","45","3.40","163",""
"","","","","E000290","https://api.propublica.org/congress/v1/members/E000290.json","Donna Edwards","D","MD","4","1325","45","3.40","164","Lost Democratic primary for Senate"
"","","","","J000288","https://api.propublica.org/congress/v1/members/J000288.json","Hank Johnson","D","GA","4","1325","44","3.32","165",""
"","","","","B000213","https://api.propublica.org/congress/v1/members/B000213.json","Joe L. Barton","R","TX","6","1325","43","3.25","166",""
"","","","","C001068","https://api.propublica.org/congress/v1/members/C001068.json","Steve Cohen","D","TN","9","1325","43","3.25","167",""
"","","","","P000096","https://api.propublica.org/congress/v1/members/P000096.json","Bill Pascrell Jr.","D","NJ","9","1325","43","3.25","168",""
"","","","","T000460","https://api.propublica.org/congress/v1/members/T000460.json","Mike Thompson","D","CA","5","1325","42","3.17","169",""
"","","","","R000587","https://api.propublica.org/congress/v1/members/R000587.json","Reid Ribble","R","WI","8","1325","42","3.17","170","Announced retirement on Jan. 31, 2016"
"","","","","I000057","https://api.propublica.org/congress/v1/members/I000057.json","Steve Israel","D","NY","3","1325","42","3.17","171","Announced retirement on Jan. 5, 2016"
"","","","","M001144","https://api.propublica.org/congress/v1/members/M001144.json","Jeff Miller","R","FL","1","1325","42","3.17","172","Announced retirement on March 10, 2016"
"","","","","W000800","https://api.propublica.org/congress/v1/members/W000800.json","Peter Welch","D","VT","1","1324","41","3.10","173",""
"","","","","B001243","https://api.propublica.org/congress/v1/members/B001243.json","Marsha Blackburn","R","TN","7","1325","41","3.09","174",""
"","","","","C001066","https://api.propublica.org/congress/v1/members/C001066.json","Kathy Castor","D","FL","14","1325","41","3.09","175",""
"","","","","J000295","https://api.propublica.org/congress/v1/members/J000295.json","Dave Joyce","R","OH","14","1325","41","3.09","176",""
"","","","","B001289","https://api.propublica.org/congress/v1/members/B001289.json","Bradley Byrne","R","AL","1","1325","41","3.09","177",""
"","","","","V000128","https://api.propublica.org/congress/v1/members/V000128.json","Chris Van Hollen","D","MD","8","1325","40","3.02","178","Elected to Senate"
"","","","","F000455","https://api.propublica.org/congress/v1/members/F000455.json","Marcia L. Fudge","D","OH","11","1325","40","3.02","179",""
"","","","","F000448","https://api.propublica.org/congress/v1/members/F000448.json","Trent Franks","R","AZ","8","1325","40","3.02","180",""
"","","","","L000573","https://api.propublica.org/congress/v1/members/L000573.json","Raúl Labrador","R","ID","1","1325","40","3.02","181",""
"","","","","K000380","https://api.propublica.org/congress/v1/members/K000380.json","Dan Kildee","D","MI","5","1325","40","3.02","182",""
"","","","","S000480","https://api.propublica.org/congress/v1/members/S000480.json","Louise M. Slaughter","D","NY","25","1325","40","3.02","183",""
"","","","","C000984","https://api.propublica.org/congress/v1/members/C000984.json","Elijah E. Cummings","D","MD","7","1325","39","2.94","184",""
"","","","","L000564","https://api.propublica.org/congress/v1/members/L000564.json","Doug Lamborn","R","CO","5","1325","39","2.94","185",""
"","","","","C001096","https://api.propublica.org/congress/v1/members/C001096.json","Kevin Cramer","R","ND","1","1325","39","2.94","186",""
"","","","","N000015","https://api.propublica.org/congress/v1/members/N000015.json","Richard E. Neal","D","MA","1","1325","39","2.94","187",""
"","","","","S000051","https://api.propublica.org/congress/v1/members/S000051.json","Mark Sanford","R","SC","1","1325","39","2.94","188",""
"","","","","H001063","https://api.propublica.org/congress/v1/members/H001063.json","Janice Hahn","D","CA","44","1303","38","2.92","189","Running for county supervisor"
"","","","","C001037","https://api.propublica.org/congress/v1/members/C001037.json","Michael E. Capuano","D","MA","7","1325","38","2.87","190",""
"","","","","K000388","https://api.propublica.org/congress/v1/members/K000388.json","Trent Kelly","R","MS","1","1017","29","2.85","191",""
"","","","","D000624","https://api.propublica.org/congress/v1/members/D000624.json","Debbie Dingell","D","MI","12","1325","37","2.79","192",""
"","","","","S000018","https://api.propublica.org/congress/v1/members/S000018.json","Matt Salmon","R","AZ","5","1325","37","2.79","193","Announced retirement on Feb. 25, 2016."
"","","","","C001067","https://api.propublica.org/congress/v1/members/C001067.json","Yvette D. Clarke","D","NY","9","1325","37","2.79","194",""
"","","","","S001148","https://api.propublica.org/congress/v1/members/S001148.json","Mike Simpson","R","ID","2","1325","37","2.79","195",""
"","","","","S001156","https://api.propublica.org/congress/v1/members/S001156.json","Linda T. Sánchez","D","CA","38","1325","36","2.72","196",""
"","","","","Z000018","https://api.propublica.org/congress/v1/members/Z000018.json","Ryan Zinke","R","MT","1","1325","36","2.72","197",""
"","","","","C001083","https://api.propublica.org/congress/v1/members/C001083.json","John Carney","D","DE","1","1325","36","2.72","198","Running for governor"
"","","","","P000606","https://api.propublica.org/congress/v1/members/P000606.json","Robert Pittenger","R","NC","9","1325","36","2.72","199",""
"","","","","V000132","https://api.propublica.org/congress/v1/members/V000132.json","Filemon Vela","D","TX","34","1325","36","2.72","200",""
"","","","","L000583","https://api.propublica.org/congress/v1/members/L000583.json","Barry Loudermilk","R","GA","11","1325","35","2.64","201",""
"","","","","W000819","https://api.propublica.org/congress/v1/members/W000819.json","Mark Walker","R","NC","6","1325","35","2.64","202",""
"","","","","R000591","https://api.propublica.org/congress/v1/members/R000591.json","Martha Roby","R","AL","2","1325","35","2.64","203",""
"","","","","P000373","https://api.propublica.org/congress/v1/members/P000373.json","Joe Pitts","R","PA","16","1325","35","2.64","204","Announced retirement on Nov. 6, 2015"
"","","","","S001192","https://api.propublica.org/congress/v1/members/S001192.json","Chris Stewart","R","UT","2","1325","35","2.64","205",""
"","","","","R000575","https://api.propublica.org/congress/v1/members/R000575.json","Mike D. Rogers","R","AL","3","1325","34","2.57","206",""
"","","","","D000625","https://api.propublica.org/congress/v1/members/D000625.json","Daniel M. Donovan","R","NY","11","1109","28","2.52","207",""
"","","","","N000184","https://api.propublica.org/congress/v1/members/N000184.json","Kristi Noem","R","SD","1","1325","33","2.49","208",""
"","","","","B001278","https://api.propublica.org/congress/v1/members/B001278.json","Suzanne Bonamici","D","OR","1","1325","33","2.49","209",""
"","","","","C001107","https://api.propublica.org/congress/v1/members/C001107.json","Carlos Curbelo","R","FL","26","1325","32","2.42","210",""
"","","","","R000592","https://api.propublica.org/congress/v1/members/R000592.json","Todd Rokita","R","IN","4","1325","32","2.42","211",""
"","","","","D000621","https://api.propublica.org/congress/v1/members/D000621.json","Ron DeSantis","R","FL","6","1325","32","2.42","212","Running for Senate"
"","","","","C001084","https://api.propublica.org/congress/v1/members/C001084.json","David Cicilline","D","RI","1","1324","31","2.34","213",""
"","","","","K000375","https://api.propublica.org/congress/v1/members/K000375.json","Bill Keating","D","MA","9","1325","31","2.34","214",""
"","","","","F000450","https://api.propublica.org/congress/v1/members/F000450.json","Virginia Foxx","R","NC","5","1325","31","2.34","215",""
"","","","","S001189","https://api.propublica.org/congress/v1/members/S001189.json","Austin Scott","R","GA","8","1325","31","2.34","216",""
"","","","","L000578","https://api.propublica.org/congress/v1/members/L000578.json","Doug LaMalfa","R","CA","1","1325","31","2.34","217",""
"","","","","C001092","https://api.propublica.org/congress/v1/members/C001092.json","Chris Collins","R","NY","27","1325","31","2.34","218",""
"","","","","C001090","https://api.propublica.org/congress/v1/members/C001090.json","Matt Cartwright","D","PA","17","1325","31","2.34","219",""
"","","","","P000607","https://api.propublica.org/congress/v1/members/P000607.json","Mark Pocan","D","WI","2","1325","31","2.34","220",""
"","","","","M001185","https://api.propublica.org/congress/v1/members/M001185.json","Sean Patrick Maloney","D","NY","18","1320","30","2.27","221",""
"","","","","H001045","https://api.propublica.org/congress/v1/members/H001045.json","Gregg Harper","R","MS","3","1325","30","2.26","222",""
"","","","","L000571","https://api.propublica.org/congress/v1/members/L000571.json","Cynthia M. Lummis","R","WY","1","1325","30","2.26","223","Announced retirement on Nov. 12, 2015"
"","","","","D000600","https://api.propublica.org/congress/v1/members/D000600.json","Mario Diaz-Balart","R","FL","25","1325","30","2.26","224",""
"","","","","E000215","https://api.propublica.org/congress/v1/members/E000215.json","Anna G. Eshoo","D","CA","18","1325","30","2.26","225",""
"","","","","H001068","https://api.propublica.org/congress/v1/members/H001068.json","Jared Huffman","D","CA","2","1325","30","2.26","226",""
"","","","","H001038","https://api.propublica.org/congress/v1/members/H001038.json","Brian Higgins","D","NY","26","1320","29","2.20","227",""
"","","","","H001070","https://api.propublica.org/congress/v1/members/H001070.json","Cresent Hardy","R","NV","4","1325","29","2.19","228","Lost general election."
"","","","","G000548","https://api.propublica.org/congress/v1/members/G000548.json","Scott Garrett","R","NJ","5","1325","29","2.19","229","Lost general election."
"","","","","E000296","https://api.propublica.org/congress/v1/members/E000296.json","Dwight Evans","D","PA","2","47","1","2.13","230",""
"","","","","H001048","https://api.propublica.org/congress/v1/members/H001048.json","Duncan D. Hunter","R","CA","50","1325","28","2.11","231",""
"","","","","Q000023","https://api.propublica.org/congress/v1/members/Q000023.json","Mike Quigley","D","IL","5","1325","28","2.11","232",""
"","","","","G000560","https://api.propublica.org/congress/v1/members/G000560.json","Tom Graves","R","GA","14","1325","28","2.11","233",""
"","","","","N000188","https://api.propublica.org/congress/v1/members/N000188.json","Donald W. Norcross","D","NJ","1","1325","28","2.11","234",""
"","","","","B000490","https://api.propublica.org/congress/v1/members/B000490.json","Sanford D. Bishop Jr.","D","GA","2","1325","28","2.11","235",""
"","","","","H001057","https://api.propublica.org/congress/v1/members/H001057.json","Tim Huelskamp","R","KS","1","1325","28","2.11","236","Lost primary election on Aug. 2, 2016."
"","","","","M001157","https://api.propublica.org/congress/v1/members/M001157.json","Michael McCaul","R","TX","10","1325","28","2.11","237",""
"","","","","J000290","https://api.propublica.org/congress/v1/members/J000290.json","Lynn Jenkins","R","KS","2","1325","27","2.04","238",""
"","","","","H001059","https://api.propublica.org/congress/v1/members/H001059.json","Randy Hultgren","R","IL","14","1325","27","2.04","239",""
"","","","","M001166","https://api.propublica.org/congress/v1/members/M001166.json","Jerry McNerney","D","CA","9","1325","27","2.04","240",""
"","","","","B001283","https://api.propublica.org/congress/v1/members/B001283.json","Jim Bridenstine","R","OK","1","1325","27","2.04","241",""
"","","","","B001291","https://api.propublica.org/congress/v1/members/B001291.json","Brian Babin","R","TX","36","1325","27","2.04","242",""
"","","","","L000581","https://api.propublica.org/congress/v1/members/L000581.json","Brenda Lawrence","D","MI","14","1325","26","1.96","243",""
"","","","","C001045","https://api.propublica.org/congress/v1/members/C001045.json","Ander Crenshaw","R","FL","4","1325","26","1.96","244","Announced retirement on April 13, 2016"
"","","","","F000462","https://api.propublica.org/congress/v1/members/F000462.json","Lois Frankel","D","FL","22","1325","26","1.96","245",""
"","","","","L000562","https://api.propublica.org/congress/v1/members/L000562.json","Stephen F. Lynch","D","MA","8","1325","26","1.96","246",""
"","","","","B001281","https://api.propublica.org/congress/v1/members/B001281.json","Joyce Beatty","D","OH","3","1325","26","1.96","247",""
"","","","","S000583","https://api.propublica.org/congress/v1/members/S000583.json","Lamar Smith","R","TX","21","1325","26","1.96","248",""
"","","","","L000584","https://api.propublica.org/congress/v1/members/L000584.json","Mia Love","R","UT","4","1325","25","1.89","249",""
"","","","","R000604","https://api.propublica.org/congress/v1/members/R000604.json","Steve Russell","R","OK","5","1325","25","1.89","250",""
"","","","","O000168","https://api.propublica.org/congress/v1/members/O000168.json","Pete Olson","R","TX","22","1325","25","1.89","251",""
"","","","","F000461","https://api.propublica.org/congress/v1/members/F000461.json","Bill Flores","R","TX","17","1325","25","1.89","252",""
"","","","","C001093","https://api.propublica.org/congress/v1/members/C001093.json","Doug Collins","R","GA","9","1325","25","1.89","253",""
"","","","","D000619","https://api.propublica.org/congress/v1/members/D000619.json","Rodney Davis","R","IL","13","1325","25","1.89","254",""
"","","","","P000034","https://api.propublica.org/congress/v1/members/P000034.json","Frank Pallone","D","NJ","6","1325","25","1.89","255",""
"","","","","C001103","https://api.propublica.org/congress/v1/members/C001103.json","Buddy Carter","R","GA","1","1325","24","1.81","256",""
"","","","","R000486","https://api.propublica.org/congress/v1/members/R000486.json","Lucille Roybal-Allard","D","CA","40","1325","24","1.81","257",""
"","","","","S000250","https://api.propublica.org/congress/v1/members/S000250.json","Pete Sessions","R","TX","32","1325","24","1.81","258",""
"","","","","G000570","https://api.propublica.org/congress/v1/members/G000570.json","Frank Guinta","R","NH","1","1325","23","1.74","259","Lost general election."
"","","","","S001176","https://api.propublica.org/congress/v1/members/S001176.json","Steve Scalise","R","LA","1","1325","23","1.74","260",""
"","","","","H001034","https://api.propublica.org/congress/v1/members/H001034.json","Michael M. Honda","D","CA","17","1325","23","1.74","261","Lost general election."
"","","","","C001094","https://api.propublica.org/congress/v1/members/C001094.json","Paul Cook","R","CA","8","1325","23","1.74","262",""
"","","","","V000131","https://api.propublica.org/congress/v1/members/V000131.json","Marc Veasey","D","TX","33","1325","23","1.74","263",""
"","","","","V000081","https://api.propublica.org/congress/v1/members/V000081.json","Nydia M. Velázquez","D","NY","7","1320","22","1.67","264",""
"","","","","S001168","https://api.propublica.org/congress/v1/members/S001168.json","John Sarbanes","D","MD","3","1325","22","1.66","265",""
"","","","","W000795","https://api.propublica.org/congress/v1/members/W000795.json","Joe Wilson","R","SC","2","1325","22","1.66","266",""
"","","","","M001195","https://api.propublica.org/congress/v1/members/M001195.json","Alex Mooney","R","WV","2","1325","22","1.66","267",""
"","","","","L000569","https://api.propublica.org/congress/v1/members/L000569.json","Blaine Luetkemeyer","R","MO","3","1325","22","1.66","268",""
"","","","","A000055","https://api.propublica.org/congress/v1/members/A000055.json","Robert B. Aderholt","R","AL","4","1325","22","1.66","269",""
"","","","","C000754","https://api.propublica.org/congress/v1/members/C000754.json","Jim Cooper","D","TN","5","1325","21","1.58","270",""
"","","","","D000197","https://api.propublica.org/congress/v1/members/D000197.json","Diana DeGette","D","CO","1","1325","21","1.58","271",""
"","","","","L000263","https://api.propublica.org/congress/v1/members/L000263.json","Sander M. Levin","D","MI","9","1325","21","1.58","272",""
"","","","","M000312","https://api.propublica.org/congress/v1/members/M000312.json","Jim McGovern","D","MA","2","1325","21","1.58","273",""
"","","","","P000608","https://api.propublica.org/congress/v1/members/P000608.json","Scott Peters","D","CA","52","1325","21","1.58","274",""
"","","","","C001105","https://api.propublica.org/congress/v1/members/C001105.json","Barbara Comstock","R","VA","10","1325","20","1.51","275",""
"","","","","D000613","https://api.propublica.org/congress/v1/members/D000613.json","Robert Dold","R","IL","10","1325","20","1.51","276","Lost general election."
"","","","","K000387","https://api.propublica.org/congress/v1/members/K000387.json","Steve Knight","R","CA","25","1325","20","1.51","277",""
"","","","","M001193","https://api.propublica.org/congress/v1/members/M001193.json","Tom MacArthur","R","NJ","3","1325","20","1.51","278",""
"","","","","P000598","https://api.propublica.org/congress/v1/members/P000598.json","Jared Polis","D","CO","2","1325","20","1.51","279",""
"","","","","C001072","https://api.propublica.org/congress/v1/members/C001072.json","André Carson","D","IN","7","1325","20","1.51","280",""
"","","","","R000585","https://api.propublica.org/congress/v1/members/R000585.json","Tom Reed","R","NY","23","1325","20","1.51","281",""
"","","","","C001053","https://api.propublica.org/congress/v1/members/C001053.json","Tom Cole","R","OK","4","1325","20","1.51","282",""
"","","","","D000399","https://api.propublica.org/congress/v1/members/D000399.json","Lloyd Doggett","D","TX","35","1325","20","1.51","283",""
"","","","","S001150","https://api.propublica.org/congress/v1/members/S001150.json","Adam B. Schiff","D","CA","28","1325","20","1.51","284",""
"","","","","V000108","https://api.propublica.org/congress/v1/members/V000108.json","Peter J. Visclosky","D","IN","1","1325","19","1.43","285",""
"","","","","K000386","https://api.propublica.org/congress/v1/members/K000386.json","John Katko","R","NY","24","1325","19","1.43","286",""
"","","","","P000597","https://api.propublica.org/congress/v1/members/P000597.json","Chellie Pingree","D","ME","1","1325","19","1.43","287",""
"","","","","R000593","https://api.propublica.org/congress/v1/members/R000593.json","Dennis Ross","R","FL","15","1325","19","1.43","288",""
"","","","","F000449","https://api.propublica.org/congress/v1/members/F000449.json","Jeff Fortenberry","R","NE","1","1325","19","1.43","289",""
"","","","","J000289","https://api.propublica.org/congress/v1/members/J000289.json","Jim Jordan","R","OH","4","1325","19","1.43","290",""
"","","","","Y000065","https://api.propublica.org/congress/v1/members/Y000065.json","Ted Yoho","R","FL","3","1325","19","1.43","291",""
"","","","","L000559","https://api.propublica.org/congress/v1/members/L000559.json","Jim Langevin","D","RI","2","1325","19","1.43","292",""
"","","","","L000565","https://api.propublica.org/congress/v1/members/L000565.json","Dave Loebsack","D","IA","2","1325","19","1.43","293",""
"","","","","W000813","https://api.propublica.org/congress/v1/members/W000813.json","Jackie Walorski","R","IN","2","1325","19","1.43","294",""
"","","","","W000815","https://api.propublica.org/congress/v1/members/W000815.json","Brad Wenstrup","R","OH","2","1325","19","1.43","295",""
"","","","","M001165","https://api.propublica.org/congress/v1/members/M001165.json","Kevin McCarthy","R","CA","23","1325","19","1.43","296",""
"","","","","R000435","https://api.propublica.org/congress/v1/members/R000435.json","Ileana Ros-Lehtinen","R","FL","27","1325","19","1.43","297",""
"","","","","S000522","https://api.propublica.org/congress/v1/members/S000522.json","Christopher H. Smith","R","NJ","4","1325","19","1.43","298",""
"","","","","G000574","https://api.propublica.org/congress/v1/members/G000574.json","Ruben Gallego","D","AZ","7","1325","18","1.36","299",""
"","","","","H001071","https://api.propublica.org/congress/v1/members/H001071.json","Jody Hice","R","GA","10","1325","18","1.36","300",""
"","","","","J000297","https://api.propublica.org/congress/v1/members/J000297.json","Evan Jenkins","R","WV","3","1325","18","1.36","301",""
"","","","","T000474","https://api.propublica.org/congress/v1/members/T000474.json","Norma Torres","D","CA","35","1325","18","1.36","302",""
"","","","","F000456","https://api.propublica.org/congress/v1/members/F000456.json","John Fleming","R","LA","4","1325","18","1.36","303","Running for Senate"
"","","","","D000533","https://api.propublica.org/congress/v1/members/D000533.json","John J. Duncan Jr.","R","TN","2","1325","18","1.36","304",""
"","","","","W000810","https://api.propublica.org/congress/v1/members/W000810.json","Rob Woodall","R","GA","7","1325","18","1.36","305",""
"","","","","G000289","https://api.propublica.org/congress/v1/members/G000289.json","Robert W. Goodlatte","R","VA","6","1325","18","1.36","306",""
"","","","","Y000063","https://api.propublica.org/congress/v1/members/Y000063.json","Kevin Yoder","R","KS","3","1325","18","1.36","307",""
"","","","","M001187","https://api.propublica.org/congress/v1/members/M001187.json","Mark Meadows","R","NC","11","1325","18","1.36","308",""
"","","","","B001287","https://api.propublica.org/congress/v1/members/B001287.json","Ami Bera","D","CA","7","1325","18","1.36","309",""
"","","","","M001194","https://api.propublica.org/congress/v1/members/M001194.json","John Moolenaar","R","MI","4","1325","17","1.28","310",""
"","","","","B001255","https://api.propublica.org/congress/v1/members/B001255.json","Charles Boustany Jr.","R","LA","3","1325","17","1.28","311","Running for Senate"
"","","","","C000059","https://api.propublica.org/congress/v1/members/C000059.json","Ken Calvert","R","CA","42","1325","17","1.28","312",""
"","","","","C001069","https://api.propublica.org/congress/v1/members/C001069.json","Joe Courtney","D","CT","2","1325","17","1.28","313",""
"","","","","K000210","https://api.propublica.org/congress/v1/members/K000210.json","Peter T. King","R","NY","2","1325","17","1.28","314",""
"","","","","M001143","https://api.propublica.org/congress/v1/members/M001143.json","Betty McCollum","D","MN","4","1325","17","1.28","315",""
"","","","","B001294","https://api.propublica.org/congress/v1/members/B001294.json","Rod Blum","R","IA","1","1325","17","1.28","316",""
"","","","","C001106","https://api.propublica.org/congress/v1/members/C001106.json","Ryan Costello","R","PA","6","1325","16","1.21","317",""
"","","","","E000294","https://api.propublica.org/congress/v1/members/E000294.json","Tom Emmer","R","MN","6","1325","16","1.21","318",""
"","","","","H001052","https://api.propublica.org/congress/v1/members/H001052.json","Andy Harris","R","MD","1","1325","16","1.21","319",""
"","","","","L000566","https://api.propublica.org/congress/v1/members/L000566.json","Robert E. Latta","R","OH","5","1325","16","1.21","320",""
"","","","","B001284","https://api.propublica.org/congress/v1/members/B001284.json","Susan Brooks","R","IN","5","1325","16","1.21","321",""
"","","","","M001189","https://api.propublica.org/congress/v1/members/M001189.json","Luke Messer","R","IN","6","1325","16","1.21","322",""
"","","","","P000258","https://api.propublica.org/congress/v1/members/P000258.json","Collin C. Peterson","D","MN","7","1325","16","1.21","323",""
"","","","","A000372","https://api.propublica.org/congress/v1/members/A000372.json","Rick Allen","R","GA","12","1325","16","1.21","324",""
"","","","","S001172","https://api.propublica.org/congress/v1/members/S001172.json","Adrian Smith","R","NE","3","1325","15","1.13","325",""
"","","","","W000804","https://api.propublica.org/congress/v1/members/W000804.json","Robert J. Wittman","R","VA","1","1325","15","1.13","326",""
"","","","","L000570","https://api.propublica.org/congress/v1/members/L000570.json","Ben Ray Luján","D","NM","3","1325","15","1.13","327",""
"","","","","W000822","https://api.propublica.org/congress/v1/members/W000822.json","Bonnie Watson Coleman","D","NJ","12","1325","15","1.13","328",""
"","","","","D000612","https://api.propublica.org/congress/v1/members/D000612.json","Jeffrey Denham","R","CA","10","1325","15","1.13","329",""
"","","","","H001036","https://api.propublica.org/congress/v1/members/H001036.json","Jeb Hensarling","R","TX","5","1325","15","1.13","330",""
"","","","","R000586","https://api.propublica.org/congress/v1/members/R000586.json","Jim Renacci","R","OH","16","1325","15","1.13","331",""
"","","","","K000363","https://api.propublica.org/congress/v1/members/K000363.json","John Kline","R","MN","2","1325","15","1.13","332","Announced retirement on Sept. 3, 2015"
"","","","","R000395","https://api.propublica.org/congress/v1/members/R000395.json","Harold Rogers","R","KY","5","1325","15","1.13","333",""
"","","","","S000344","https://api.propublica.org/congress/v1/members/S000344.json","Brad Sherman","D","CA","30","1325","15","1.13","334",""
"","","","","D000623","https://api.propublica.org/congress/v1/members/D000623.json","Mark DeSaulnier","D","CA","11","1325","14","1.06","335",""
"","","","","W000799","https://api.propublica.org/congress/v1/members/W000799.json","Tim Walz","D","MN","1","1325","14","1.06","336",""
"","","","","F000460","https://api.propublica.org/congress/v1/members/F000460.json","Blake Farenthold","R","TX","27","1325","14","1.06","337",""
"","","","","F000372","https://api.propublica.org/congress/v1/members/F000372.json","Rodney Frelinghuysen","R","NJ","11","1325","14","1.06","338",""
"","","","","T000470","https://api.propublica.org/congress/v1/members/T000470.json","Scott Tipton","R","CO","3","1325","14","1.06","339",""
"","","","","H001053","https://api.propublica.org/congress/v1/members/H001053.json","Vicky Hartzler","R","MO","4","1325","14","1.06","340",""
"","","","","M001184","https://api.propublica.org/congress/v1/members/M001184.json","Thomas Massie","R","KY","4","1325","14","1.06","341",""
"","","","","V000130","https://api.propublica.org/congress/v1/members/V000130.json","Juan Vargas","D","CA","51","1325","14","1.06","342",""
"","","","","S000248","https://api.propublica.org/congress/v1/members/S000248.json","José E. Serrano","D","NY","15","1325","14","1.06","343",""
"","","","","A000373","https://api.propublica.org/congress/v1/members/A000373.json","Brad Ashford","D","NE","2","1325","14","1.06","344","Lost general election."
"","","","","T000469","https://api.propublica.org/congress/v1/members/T000469.json","Paul Tonko","D","NY","20","1320","13","0.98","345",""
"","","","","L000480","https://api.propublica.org/congress/v1/members/L000480.json","Nita M. Lowey","D","NY","17","1320","13","0.98","346",""
"","","","","G000576","https://api.propublica.org/congress/v1/members/G000576.json","Glenn Grothman","R","WI","6","1325","13","0.98","347",""
"","","","","H001047","https://api.propublica.org/congress/v1/members/H001047.json","Jim Himes","D","CT","4","1325","13","0.98","348",""
"","","","","S001154","https://api.propublica.org/congress/v1/members/S001154.json","Bill Shuster","R","PA","9","1325","13","0.98","349",""
"","","","","G000558","https://api.propublica.org/congress/v1/members/G000558.json","Brett Guthrie","R","KY","2","1325","13","0.98","350",""
"","","","","P000594","https://api.propublica.org/congress/v1/members/P000594.json","Erik Paulsen","R","MN","3","1325","13","0.98","351",""
"","","","","G000568","https://api.propublica.org/congress/v1/members/G000568.json","Morgan Griffith","R","VA","9","1325","13","0.98","352",""
"","","","","L000579","https://api.propublica.org/congress/v1/members/L000579.json","Alan Lowenthal","D","CA","47","1325","13","0.98","353",""
"","","","","B001286","https://api.propublica.org/congress/v1/members/B001286.json","Cheri Bustos","D","IL","17","1325","13","0.98","354",""
"","","","","M001190","https://api.propublica.org/congress/v1/members/M001190.json","Markwayne Mullin","R","OK","2","1325","13","0.98","355",""
"","","","","R000598","https://api.propublica.org/congress/v1/members/R000598.json","Keith Rothfus","R","PA","12","1325","13","0.98","356",""
"","","","","R000487","https://api.propublica.org/congress/v1/members/R000487.json","Edward Royce","R","CA","39","1325","13","0.98","357",""
"","","","","T000238","https://api.propublica.org/congress/v1/members/T000238.json","William M. Thornberry","R","TX","13","1325","12","0.91","358",""
"","","","","M001196","https://api.propublica.org/congress/v1/members/M001196.json","Seth Moulton","D","MA","6","1325","12","0.91","359",""
"","","","","T000475","https://api.propublica.org/congress/v1/members/T000475.json","Dave Trott","R","MI","11","1325","12","0.91","360",""
"","","","","S001195","https://api.propublica.org/congress/v1/members/S001195.json","Jason Smith","R","MO","8","1325","12","0.91","361",""
"","","","","G000564","https://api.propublica.org/congress/v1/members/G000564.json","Chris Gibson","R","NY","19","1325","12","0.91","362","Announced retirement on Jan. 6, 2015"
"","","","","B001274","https://api.propublica.org/congress/v1/members/B001274.json","Mo Brooks","R","AL","5","1325","12","0.91","363",""
"","","","","L000560","https://api.propublica.org/congress/v1/members/L000560.json","Rick Larsen","D","WA","2","1325","12","0.91","364",""
"","","","","M001151","https://api.propublica.org/congress/v1/members/M001151.json","Tim Murphy","R","PA","18","1325","12","0.91","365",""
"","","","","G000577","https://api.propublica.org/congress/v1/members/G000577.json","Garret Graves","R","LA","6","1325","11","0.83","366",""
"","","","","C001078","https://api.propublica.org/congress/v1/members/C001078.json","Gerald E. Connolly","D","VA","11","1325","11","0.83","367",""
"","","","","S001183","https://api.propublica.org/congress/v1/members/S001183.json","David Schweikert","R","AZ","6","1325","11","0.83","368",""
"","","","","G000563","https://api.propublica.org/congress/v1/members/G000563.json","Bob Gibbs","R","OH","7","1325","11","0.83","369",""
"","","","","D000598","https://api.propublica.org/congress/v1/members/D000598.json","Susan A. Davis","D","CA","53","1325","11","0.83","370",""
"","","","","B001285","https://api.propublica.org/congress/v1/members/B001285.json","Julia Brownley","D","CA","26","1325","11","0.83","371",""
"","","","","G000571","https://api.propublica.org/congress/v1/members/G000571.json","Tulsi Gabbard","D","HI","2","1325","11","0.83","372",""
"","","","","K000382","https://api.propublica.org/congress/v1/members/K000382.json","Ann McLane Kuster","D","NH","2","1325","11","0.83","373",""
"","","","","M001163","https://api.propublica.org/congress/v1/members/M001163.json","Doris Matsui","D","CA","6","1325","11","0.83","374",""
"","","","","P000605","https://api.propublica.org/congress/v1/members/P000605.json","Scott Perry","R","PA","4","1325","11","0.83","375",""
"","","","","N000182","https://api.propublica.org/congress/v1/members/N000182.json","Randy Neugebauer","R","TX","19","1325","11","0.83","376","Announced retirement on Sept. 17, 2015"
"","","","","S000185","https://api.propublica.org/congress/v1/members/S000185.json","Robert C. Scott","D","VA","3","1325","11","0.83","377",""
"","","","","S000364","https://api.propublica.org/congress/v1/members/S000364.json","John Shimkus","R","IL","15","1325","11","0.83","378",""
"","","","","B001293","https://api.propublica.org/congress/v1/members/B001293.json","Mike Bishop","R","MI","8","1325","11","0.83","379",""
"","","","","B001257","https://api.propublica.org/congress/v1/members/B001257.json","Gus Bilirakis","R","FL","12","1325","10","0.75","380",""
"","","","","F000459","https://api.propublica.org/congress/v1/members/F000459.json","Chuck Fleischmann","R","TN","3","1325","10","0.75","381",""
"","","","","R000589","https://api.propublica.org/congress/v1/members/R000589.json","Scott Rigell","R","VA","2","1325","10","0.75","382","Announced retirement on Jan. 14, 2016"
"","","","","M001180","https://api.propublica.org/congress/v1/members/M001180.json","David McKinley","R","WV","1","1325","10","0.75","383",""
"","","","","B001275","https://api.propublica.org/congress/v1/members/B001275.json","Larry Bucshon","R","IN","8","1325","10","0.75","384",""
"","","","","H001072","https://api.propublica.org/congress/v1/members/H001072.json","French Hill","R","AR","2","1325","9","0.68","385",""
"","","","","N000189","https://api.propublica.org/congress/v1/members/N000189.json","Dan Newhouse","R","WA","4","1325","9","0.68","386",""
"","","","","C001077","https://api.propublica.org/congress/v1/members/C001077.json","Mike Coffman","R","CO","6","1325","9","0.68","387",""
"","","","","W000798","https://api.propublica.org/congress/v1/members/W000798.json","Tim Walberg","R","MI","7","1325","9","0.68","388",""
"","","","","K000378","https://api.propublica.org/congress/v1/members/K000378.json","Adam Kinzinger","R","IL","16","1325","9","0.68","389",""
"","","","","D000617","https://api.propublica.org/congress/v1/members/D000617.json","Suzan K. DelBene","D","WA","1","1325","9","0.68","390",""
"","","","","E000293","https://api.propublica.org/congress/v1/members/E000293.json","Elizabeth Esty","D","CT","5","1325","9","0.68","391",""
"","","","","B001282","https://api.propublica.org/congress/v1/members/B001282.json","Andy Barr","R","KY","6","1325","9","0.68","392",""
"","","","","M000689","https://api.propublica.org/congress/v1/members/M000689.json","John L. Mica","R","FL","7","1325","9","0.68","393","Lost general election."
"","","","","H001065","https://api.propublica.org/congress/v1/members/H001065.json","George Holding","R","NC","13","1325","9","0.68","394","Elected to 2nd District seat."
"","","","","C001101","https://api.propublica.org/congress/v1/members/C001101.json","Katherine Clark","D","MA","5","1325","9","0.68","395",""
"","","","","W000791","https://api.propublica.org/congress/v1/members/W000791.json","Greg Walden","R","OR","2","1325","8","0.60","396",""
"","","","","M001159","https://api.propublica.org/congress/v1/members/M001159.json","Cathy McMorris Rodgers","R","WA","5","1325","8","0.60","397",""
"","","","","R000601","https://api.propublica.org/congress/v1/members/R000601.json","John Ratcliffe","R","TX","4","1325","8","0.60","398",""
"","","","","V000129","https://api.propublica.org/congress/v1/members/V000129.json","David Valadao","R","CA","21","1325","8","0.60","399",""
"","","","","W000814","https://api.propublica.org/congress/v1/members/W000814.json","Randy Weber","R","TX","14","1325","8","0.60","400",""
"","","","","H001064","https://api.propublica.org/congress/v1/members/H001064.json","Denny Heck","D","WA","10","1325","8","0.60","401",""
"","","","","M001181","https://api.propublica.org/congress/v1/members/M001181.json","Pat Meehan","R","PA","7","1325","8","0.60","402",""
"","","","","D000626","https://api.propublica.org/congress/v1/members/D000626.json","Warren Davidson","R","OH","8","338","2","0.59","403",""
"","","","","P000599","https://api.propublica.org/congress/v1/members/P000599.json","Bill Posey","R","FL","8","1325","7","0.53","404",""
"","","","","B001248","https://api.propublica.org/congress/v1/members/B001248.json","Michael C. Burgess","R","TX","26","1325","7","0.53","405",""
"","","","","M001156","https://api.propublica.org/congress/v1/members/M001156.json","Patrick T. McHenry","R","NC","10","1325","7","0.53","406",""
"","","","","R000597","https://api.propublica.org/congress/v1/members/R000597.json","Tom Rice","R","SC","7","1325","7","0.53","407",""
"","","","","P000611","https://api.propublica.org/congress/v1/members/P000611.json","Bruce Poliquin","R","ME","2","1325","6","0.45","408",""
"","","","","M001177","https://api.propublica.org/congress/v1/members/M001177.json","Tom McClintock","R","CA","4","1325","6","0.45","409",""
"","","","","F000454","https://api.propublica.org/congress/v1/members/F000454.json","Bill Foster","D","IL","11","1325","6","0.45","410",""
"","","","","P000609","https://api.propublica.org/congress/v1/members/P000609.json","Gary Palmer","R","AL","6","1325","5","0.38","411",""
"","","","","Z000017","https://api.propublica.org/congress/v1/members/Z000017.json","Lee Zeldin","R","NY","1","1325","5","0.38","412",""
"","","","","W000821","https://api.propublica.org/congress/v1/members/W000821.json","Bruce Westerman","R","AR","4","1325","5","0.38","413",""
"","","","","K000376","https://api.propublica.org/congress/v1/members/K000376.json","Mike Kelly","R","PA","3","1325","5","0.38","414",""
"","","","","T000472","https://api.propublica.org/congress/v1/members/T000472.json","Mark Takano","D","CA","41","1325","5","0.38","415",""
"","","","","B001271","https://api.propublica.org/congress/v1/members/B001271.json","Dan Benishek","R","MI","1","1325","4","0.30","416","Announced retirement on Sept. 17, 2015"
"","","","","J000292","https://api.propublica.org/congress/v1/members/J000292.json","Bill Johnson","R","OH","6","1325","4","0.30","417",""
"","","","","L000491","https://api.propublica.org/congress/v1/members/L000491.json","Frank D. Lucas","R","OK","3","1325","4","0.30","418",""
"","","","","N000181","https://api.propublica.org/congress/v1/members/N000181.json","Devin Nunes","R","CA","22","1325","4","0.30","419",""
"","","","","H001073","https://api.propublica.org/congress/v1/members/H001073.json","Will Hurd","R","TX","23","1325","3","0.23","420",""
"","","","","T000467","https://api.propublica.org/congress/v1/members/T000467.json","Glenn Thompson","R","PA","5","1325","3","0.23","421",""
"","","","","K000381","https://api.propublica.org/congress/v1/members/K000381.json","Derek Kilmer","D","WA","6","1325","3","0.23","422",""
"","","","","R000603","https://api.propublica.org/congress/v1/members/R000603.json","David Rouzer","R","NC","7","1325","2","0.15","423",""
"","","","","S001196","https://api.propublica.org/congress/v1/members/S001196.json","Elise Stefanik","R","NY","21","1325","2","0.15","424",""
"","","","","G000575","https://api.propublica.org/congress/v1/members/G000575.json","Gwen Graham","D","FL","2","1325","2","0.15","425","Announced retirement on April 21, 2016."
"","","","","D000604","https://api.propublica.org/congress/v1/members/D000604.json","Charlie Dent","R","PA","15","1325","2","0.15","426",""
"","","","","A000374","https://api.propublica.org/congress/v1/members/A000374.json","Ralph Abraham","R","LA","5","1325","2","0.15","427",""
"","","","","L000585","https://api.propublica.org/congress/v1/members/L000585.json","Darin M. LaHood","R","IL","18","829","1","0.12","428",""
"","","","","C000266","https://api.propublica.org/congress/v1/members/C000266.json","Steven J. Chabot","R","OH","1","1325","1","0.08","429",""
"","","","","U000031","https://api.propublica.org/congress/v1/members/U000031.json","Fred Upton","R","MI","6","1325","0","0.00","430",""
"","","","","M001197","https://api.propublica.org/congress/v1/members/M001197.json","Martha McSally","R","AZ","2","1325","0","0.00","431",""
"","","","","L000567","https://api.propublica.org/congress/v1/members/L000567.json","Leonard Lance","R","NJ","7","1325","0","0.00","432",""
"","","","","Y000066","https://api.propublica.org/congress/v1/members/Y000066.json","David Young","R","IA","3","1325","0","0.00","433",""
"","","","","C001108","https://api.propublica.org/congress/v1/members/C001108.json","James Comer","R","KY","1","47","0","0.00","434",""
"","","","","H001050","https://api.propublica.org/congress/v1/members/H001050.json","Colleen Hanabusa","D","HI","1","47","0","0.00","435",""
"","","","","C001062","https://api.propublica.org/congress/v1/members/C001062.json","K. Michael Conaway","R","TX","11","1325","0","0.00","436",""
"","","","","W000809","https://api.propublica.org/congress/v1/members/W000809.json","Steve Womack","R","AR","3","1325","0","0.00","437",""
"","","","","A000367","https://api.propublica.org/congress/v1/members/A000367.json","Justin Amash","R","MI","3","1325","0","0.00","438",""
"","","","","L000554","https://api.propublica.org/congress/v1/members/L000554.json","Frank A. LoBiondo","R","NJ","2","1325","0","0.00","439",""
"","","","","S000244","https://api.propublica.org/congress/v1/members/S000244.json","F. James Sensenbrenner","R","WI","5","1325","0","0.00","440",""
"","","","","P000610","https://api.propublica.org/congress/v1/members/P000610.json","Stacey Plaskett","D","VI","79","null","null","null","441",""
"","","","","R000600","https://api.propublica.org/congress/v1/members/R000600.json","Amata Coleman Radewagen","R","AS","79","null","null","null","442",""
"","","","","P000596","https://api.propublica.org/congress/v1/members/P000596.json","Pedro Pierluisi","D","PR","80","null","null","null","443","Running for governor"
"","","","","S001177","https://api.propublica.org/congress/v1/members/S001177.json","Gregorio Kilili Camacho Sablan","D","MP","79","null","null","null","444",""
"","","","","B001245","https://api.propublica.org/congress/v1/members/B001245.json","Madeleine Z. Bordallo","D","GU","79","null","null","null","445",""
"","","","","B000589","https://api.propublica.org/congress/v1/members/B000589.json","John A. Boehner","R","OH","8","null","null","null","446","Speaker votes at his discretion"
"","","","","R000570","https://api.propublica.org/congress/v1/members/R000570.json","Paul D. Ryan","R","WI","1","null","null","null","447","Speaker votes at his discretion"
"","","","","G000569","https://api.propublica.org/congress/v1/members/G000569.json","Mike Grimm","R","NY","11","null","null","null","448","Resigned from the House on Jan. 5, 2015"
"","","","","N000186","https://api.propublica.org/congress/v1/members/N000186.json","Alan Nunnelee","R","MS","1","null","null","null","449","Died on Feb. 6, 2015"
"","","","","N000147","https://api.propublica.org/congress/v1/members/N000147.json","Eleanor Holmes Norton","D","DC","79","null","null","null","450",""
